id,dataset_name,category,source,last_updated,record_count,file_size_mb,created_at
1,system_health,System,Auto-Generated,2025-02-15,37613,27.31,2025-11-24 07:14:33
2,user_activity,Analytics,API,2025-12-02,22966,324.12,2025-03-06 07:14:33
3,access_logs,Monitoring,Internal,2025-08-21,28363,243.41,2025-01-30 07:14:33
4,user_activity,Monitoring,Auto-Generated,2025-05-20,5857,68.25,2025-05-26 07:14:33
5,user_activity,Analytics,API,2025-02-22,48201,74.76,2025-01-16 07:14:33
6,threat_intel,Networking,External,2025-04-05,5831,323.9,2025-06-07 07:14:33
7,vulnerability_scan,Monitoring,Auto-Generated,2025-10-24,9570,299.07,2025-02-17 07:14:33
8,threat_intel,System,Internal,2025-05-12,47816,379.69,2024-12-15 07:14:33
9,system_health,Security,Upload,2025-10-23,10832,294.7,2025-04-17 07:14:33
10,cyber_incidents,System,External,2025-01-25,33045,468.46,2025-04-01 07:14:33
11,system_health,Monitoring,Auto-Generated,2025-07-01,23241,91.25,2025-01-25 07:14:33
12,user_activity,System,API,2025-03-28,37081,333.54,2025-08-27 07:14:33
13,firewall_events,Security,API,2025-02-08,14942,148.93,2025-02-13 07:14:33
14,network_logs,Monitoring,Upload,2025-09-07,1259,139.85,2025-09-08 07:14:33
15,threat_intel,Monitoring,API,2025-09-02,36316,34.48,2025-09-16 07:14:33
16,cyber_incidents,Monitoring,Internal,2025-02-13,42540,499.94,2025-11-29 07:14:33
17,cyber_incidents,Security,External,2025-05-28,45510,15.83,2025-04-01 07:14:33
18,cyber_incidents,Networking,API,2025-07-14,48016,269.92,2025-05-01 07:14:33
19,user_activity,System,External,2025-02-03,30890,93.26,2025-05-03 07:14:33
20,system_health,Networking,Internal,2025-01-16,8662,161.85,2025-04-21 07:14:33
21,network_logs,System,API,2025-01-25,8198,379.0,2025-09-14 07:14:33
22,cyber_incidents,Networking,Internal,2025-03-05,20869,336.48,2025-02-14 07:14:33
23,firewall_events,Security,External,2025-09-30,31029,208.39,2025-12-03 07:14:33
24,threat_intel,Security,Upload,2025-03-15,46888,200.92,2025-10-15 07:14:33
25,cyber_incidents,Monitoring,Auto-Generated,2024-12-11,49728,69.93,2025-05-25 07:14:33
26,access_logs,Security,External,2025-06-23,47925,128.45,2025-10-29 07:14:33
27,firewall_events,Analytics,Internal,2025-08-07,12183,341.69,2025-06-16 07:14:33
28,system_health,Networking,Internal,2025-06-27,1489,271.46,2025-11-21 07:14:33
29,system_health,Analytics,Auto-Generated,2025-06-30,18190,119.12,2024-12-07 07:14:33
30,cyber_incidents,System,Upload,2025-05-02,39866,328.09,2025-04-14 07:14:33
31,cyber_incidents,Security,Internal,2025-08-13,34363,384.86,2025-05-08 07:14:33
32,system_health,System,Upload,2025-07-08,46375,240.36,2025-07-07 07:14:33
33,vulnerability_scan,System,External,2025-06-27,1853,339.47,2025-06-18 07:14:33
34,access_logs,Security,Internal,2025-05-14,35672,81.79,2025-09-18 07:14:33
35,threat_intel,Networking,Auto-Generated,2025-09-24,15194,465.67,2025-07-30 07:14:33
36,system_health,Security,External,2025-08-29,30639,260.11,2025-01-02 07:14:33
37,vulnerability_scan,Analytics,Internal,2025-01-28,25237,146.09,2025-08-24 07:14:33
38,network_logs,Monitoring,Auto-Generated,2025-04-02,21369,362.7,2025-11-07 07:14:33
39,cyber_incidents,System,External,2025-03-26,22941,110.84,2024-12-10 07:14:33
40,network_logs,Analytics,External,2025-05-24,21833,40.64,2025-09-06 07:14:33
41,vulnerability_scan,Networking,Upload,2025-09-18,45527,463.58,2024-12-29 07:14:33
42,cyber_incidents,Networking,Auto-Generated,2025-01-29,23391,20.09,2025-07-25 07:14:33
43,system_health,Networking,Auto-Generated,2025-11-21,49278,173.82,2025-09-21 07:14:33
44,cyber_incidents,Security,API,2024-12-07,23534,205.05,2025-07-09 07:14:33
45,firewall_events,Networking,External,2025-04-20,32341,413.84,2025-08-30 07:14:33
46,vulnerability_scan,Monitoring,External,2025-01-24,40789,150.0,2025-01-17 07:14:33
47,threat_intel,Networking,API,2025-01-05,16865,95.66,2025-08-12 07:14:33
48,cyber_incidents,System,External,2024-12-16,1861,256.38,2025-08-07 07:14:33
49,network_logs,System,Upload,2025-07-08,44499,304.33,2025-07-31 07:14:33
50,vulnerability_scan,System,Auto-Generated,2025-02-05,29515,46.42,2025-11-18 07:14:33
51,threat_intel,System,Auto-Generated,2025-08-01,49022,168.34,2025-01-30 07:14:33
52,system_health,Analytics,Upload,2025-02-11,47716,437.09,2025-05-31 07:14:33
53,threat_intel,Analytics,Upload,2024-12-22,9807,406.74,2025-06-01 07:14:33
54,system_health,System,Upload,2025-01-19,16456,134.09,2025-08-30 07:14:33
55,threat_intel,Monitoring,External,2025-05-16,16679,349.11,2025-07-09 07:14:33
56,network_logs,Networking,API,2025-04-14,33093,480.73,2025-09-05 07:14:33
57,user_activity,Networking,API,2025-08-19,36997,370.96,2025-08-03 07:14:33
58,user_activity,Monitoring,Internal,2025-09-09,11909,446.45,2025-09-12 07:14:33
59,network_logs,Analytics,External,2025-11-18,49187,264.96,2025-07-08 07:14:33
60,user_activity,Networking,API,2025-03-03,33221,428.35,2025-05-25 07:14:33
61,cyber_incidents,System,Internal,2025-08-21,46239,198.6,2025-06-06 07:14:33
62,network_logs,Monitoring,External,2025-08-11,12872,77.21,2025-03-27 07:14:33
63,cyber_incidents,System,API,2025-08-29,18692,323.5,2025-10-11 07:14:33
64,firewall_events,Monitoring,API,2025-07-25,33563,461.15,2025-04-27 07:14:33
65,access_logs,Networking,Auto-Generated,2025-03-04,16908,178.34,2025-07-15 07:14:33
66,user_activity,Networking,External,2024-12-21,44123,230.77,2025-04-17 07:14:33
67,system_health,Security,Upload,2025-11-13,2264,407.67,2025-06-13 07:14:33
68,threat_intel,Networking,API,2025-07-25,17707,315.83,2025-09-27 07:14:33
69,vulnerability_scan,Analytics,Auto-Generated,2025-05-25,16251,77.16,2025-10-12 07:14:33
70,network_logs,Analytics,Auto-Generated,2025-06-03,19767,325.44,2025-09-15 07:14:33
71,vulnerability_scan,Networking,External,2025-10-18,47780,208.95,2025-02-06 07:14:33
72,threat_intel,Security,Upload,2025-01-03,18643,257.01,2025-09-19 07:14:33
73,threat_intel,Security,Auto-Generated,2025-06-19,926,45.26,2025-11-16 07:14:33
74,user_activity,Security,Auto-Generated,2025-04-01,27144,141.29,2025-04-20 07:14:33
75,firewall_events,Networking,API,2025-01-02,39819,268.0,2025-11-21 07:14:33
76,access_logs,Networking,Upload,2024-12-30,8561,322.88,2025-03-17 07:14:33
77,cyber_incidents,System,Internal,2025-05-04,16695,251.71,2025-10-16 07:14:33
78,system_health,Networking,Upload,2025-10-28,2344,419.04,2025-08-03 07:14:33
79,user_activity,Networking,Internal,2025-07-10,23473,281.77,2025-05-20 07:14:33
80,threat_intel,Security,Auto-Generated,2025-10-24,14507,154.37,2025-12-07 07:14:33
81,system_health,Monitoring,Upload,2025-04-16,2885,64.54,2025-06-27 07:14:33
82,firewall_events,Security,Auto-Generated,2025-10-02,1449,434.01,2025-10-11 07:14:33
83,user_activity,System,Upload,2025-03-22,23822,312.45,2025-11-29 07:14:33
84,cyber_incidents,Analytics,Auto-Generated,2025-06-29,38075,227.52,2025-01-22 07:14:33
85,cyber_incidents,Analytics,External,2025-09-13,11117,395.32,2025-11-19 07:14:33
86,vulnerability_scan,Security,Internal,2025-09-13,1048,310.96,2025-09-30 07:14:33
87,vulnerability_scan,Networking,API,2025-03-29,30923,39.77,2025-06-01 07:14:33
88,access_logs,Monitoring,API,2025-05-15,33855,313.97,2025-11-20 07:14:33
89,cyber_incidents,Security,API,2025-11-28,29927,427.1,2025-09-11 07:14:33
90,cyber_incidents,System,Internal,2025-08-16,13046,92.12,2025-09-05 07:14:33
91,threat_intel,Monitoring,Internal,2025-10-09,12544,455.6,2025-06-02 07:14:33
92,access_logs,Monitoring,Upload,2024-12-30,18424,79.11,2025-06-28 07:14:33
93,access_logs,Analytics,External,2025-01-01,21384,398.42,2025-03-16 07:14:33
94,cyber_incidents,Analytics,External,2025-06-21,14857,22.23,2025-01-26 07:14:33
95,threat_intel,Monitoring,API,2025-09-19,32659,361.66,2025-05-23 07:14:33
96,system_health,Security,External,2024-12-07,16357,355.01,2025-08-29 07:14:33
97,threat_intel,Analytics,Auto-Generated,2025-04-23,44164,98.0,2025-11-05 07:14:33
98,network_logs,System,Auto-Generated,2025-02-01,39630,161.45,2025-04-02 07:14:33
99,access_logs,Networking,Internal,2025-07-06,49245,160.18,2025-08-31 07:14:33
100,vulnerability_scan,System,API,2025-01-15,46528,389.27,2025-09-18 07:14:33
101,cyber_incidents,Security,Internal,2025-04-14,27578,190.47,2025-04-09 07:14:33
102,user_activity,Analytics,API,2025-06-21,14438,184.86,2025-11-12 07:14:33
103,cyber_incidents,Monitoring,API,2025-08-22,1966,295.09,2025-02-27 07:14:33
104,cyber_incidents,Monitoring,Internal,2025-03-12,34831,184.21,2024-12-17 07:14:33
105,network_logs,Analytics,External,2025-01-05,13133,315.08,2025-01-03 07:14:33
106,access_logs,Analytics,Auto-Generated,2025-06-11,39810,389.79,2025-03-07 07:14:33
107,system_health,Security,External,2025-11-11,34853,207.09,2024-12-24 07:14:33
108,vulnerability_scan,Monitoring,Internal,2025-02-14,33838,384.66,2025-11-11 07:14:33
109,user_activity,Analytics,External,2025-02-22,32452,72.26,2025-06-26 07:14:33
110,network_logs,Security,Auto-Generated,2025-07-07,6638,1.74,2025-08-13 07:14:33
111,cyber_incidents,Networking,Internal,2025-09-01,5623,29.92,2025-06-10 07:14:33
112,firewall_events,Monitoring,API,2025-04-26,18652,118.38,2025-01-27 07:14:33
113,system_health,Analytics,Auto-Generated,2025-05-13,43737,194.62,2025-01-24 07:14:33
114,system_health,Analytics,API,2025-07-10,32398,191.98,2025-07-21 07:14:33
115,cyber_incidents,Monitoring,External,2025-09-30,31106,179.64,2025-07-22 07:14:33
116,user_activity,Security,Auto-Generated,2025-11-25,916,109.22,2025-11-08 07:14:33
117,cyber_incidents,Monitoring,API,2025-07-16,25696,19.79,2025-03-22 07:14:33
118,cyber_incidents,Monitoring,API,2025-04-30,29964,159.52,2025-06-04 07:14:33
119,access_logs,Monitoring,External,2025-07-30,27363,347.82,2025-07-15 07:14:33
120,threat_intel,System,External,2025-06-17,13935,451.29,2025-09-29 07:14:33
121,network_logs,Networking,API,2025-10-19,34526,451.06,2025-12-06 07:14:33
122,threat_intel,System,External,2025-10-14,29061,259.64,2025-08-19 07:14:33
123,cyber_incidents,Monitoring,API,2025-01-01,27068,175.26,2025-08-03 07:14:33
124,network_logs,Security,API,2025-06-17,21460,106.53,2025-10-29 07:14:33
125,system_health,Networking,Upload,2025-05-14,38905,36.3,2025-08-22 07:14:33
126,user_activity,System,API,2025-05-20,38583,71.36,2025-11-13 07:14:33
127,vulnerability_scan,Security,API,2025-03-28,8257,151.77,2025-05-09 07:14:33
128,user_activity,System,Upload,2025-08-15,32287,65.05,2025-06-04 07:14:33
129,system_health,Monitoring,Upload,2025-11-25,2291,117.74,2025-10-14 07:14:33
130,user_activity,Networking,API,2025-01-27,29269,375.6,2025-05-20 07:14:33
131,cyber_incidents,Security,Upload,2025-08-31,39004,490.69,2025-10-14 07:14:33
132,network_logs,System,Internal,2025-09-02,41964,333.07,2025-10-27 07:14:33
133,access_logs,Monitoring,Upload,2024-12-24,40870,481.19,2025-08-02 07:14:33
134,threat_intel,Monitoring,Internal,2025-09-23,33518,420.53,2024-12-12 07:14:33
135,system_health,Analytics,Internal,2025-10-07,7101,89.62,2025-02-28 07:14:33
136,network_logs,Analytics,External,2025-10-15,8841,486.86,2025-03-07 07:14:33
137,access_logs,Analytics,Upload,2025-06-17,39997,381.1,2025-03-07 07:14:33
138,access_logs,System,Auto-Generated,2025-05-23,30804,56.81,2025-01-06 07:14:33
139,threat_intel,Monitoring,API,2025-05-20,29883,290.22,2025-02-04 07:14:33
140,network_logs,Security,Internal,2025-11-01,46370,357.34,2025-05-17 07:14:33
141,user_activity,System,External,2024-12-12,4132,407.39,2025-01-29 07:14:33
142,vulnerability_scan,Security,API,2025-10-21,21612,39.71,2025-03-18 07:14:33
143,threat_intel,Security,Upload,2025-02-11,31707,251.5,2025-01-15 07:14:33
144,threat_intel,Security,Internal,2025-07-23,20915,135.26,2025-08-26 07:14:33
145,threat_intel,Monitoring,Auto-Generated,2025-06-02,28815,165.36,2025-07-06 07:14:33
146,firewall_events,Monitoring,API,2025-08-05,42403,389.23,2024-12-22 07:14:33
147,firewall_events,System,External,2025-03-10,33210,135.01,2025-01-06 07:14:33
148,system_health,Networking,Internal,2025-02-11,13755,454.64,2025-08-28 07:14:33
149,cyber_incidents,Analytics,Auto-Generated,2025-08-30,39476,386.72,2025-03-15 07:14:33
150,network_logs,Security,External,2025-07-07,28854,96.68,2025-02-12 07:14:33
151,threat_intel,Analytics,Internal,2025-11-29,16486,20.94,2024-12-07 07:14:33
152,user_activity,Security,Upload,2025-07-20,14312,118.42,2024-12-19 07:14:33
153,user_activity,Security,Internal,2025-10-06,19438,358.04,2025-04-04 07:14:33
154,firewall_events,Monitoring,Auto-Generated,2025-09-25,18890,453.76,2024-12-28 07:14:33
155,threat_intel,System,API,2025-03-07,12243,375.13,2025-01-09 07:14:33
156,threat_intel,System,Internal,2025-04-24,24649,243.71,2025-07-02 07:14:33
157,access_logs,Networking,External,2025-09-21,45578,309.25,2025-01-11 07:14:33
158,system_health,Security,API,2025-02-16,25712,213.78,2025-05-13 07:14:33
159,cyber_incidents,Analytics,Internal,2025-01-21,49704,193.01,2025-01-10 07:14:33
160,network_logs,Security,External,2025-10-24,32754,368.31,2025-09-07 07:14:33
161,user_activity,System,Internal,2025-05-28,5898,251.34,2025-07-05 07:14:33
162,user_activity,Security,External,2025-05-01,41411,115.19,2025-03-10 07:14:33
163,cyber_incidents,Networking,Auto-Generated,2025-06-15,39287,38.22,2025-04-10 07:14:33
164,system_health,Analytics,Upload,2025-07-28,26144,472.89,2025-01-14 07:14:33
165,vulnerability_scan,Security,Auto-Generated,2025-10-21,46731,20.2,2025-07-14 07:14:33
166,user_activity,Monitoring,API,2025-11-14,14745,308.94,2025-07-04 07:14:33
167,user_activity,System,Internal,2025-03-11,20173,95.52,2025-09-17 07:14:33
168,network_logs,System,External,2025-11-26,3510,272.67,2025-08-01 07:14:33
169,threat_intel,System,Auto-Generated,2025-01-30,37536,368.14,2025-11-11 07:14:33
170,vulnerability_scan,Monitoring,Auto-Generated,2024-12-16,24485,482.22,2025-08-25 07:14:33
171,network_logs,Security,Upload,2025-04-09,45487,209.36,2025-11-10 07:14:33
172,vulnerability_scan,Security,Upload,2025-02-21,48073,199.04,2025-02-01 07:14:33
173,access_logs,Monitoring,Upload,2025-10-20,33240,284.74,2025-04-02 07:14:33
174,vulnerability_scan,Monitoring,API,2025-05-23,8311,228.95,2025-10-09 07:14:33
175,user_activity,System,API,2025-09-17,20413,420.6,2025-09-22 07:14:33
176,cyber_incidents,Security,API,2025-08-29,40153,77.48,2025-06-12 07:14:33
177,vulnerability_scan,Analytics,Internal,2025-09-29,26872,219.33,2025-11-24 07:14:33
178,network_logs,Security,Auto-Generated,2025-01-02,22420,455.49,2025-05-14 07:14:33
179,network_logs,Security,API,2025-06-13,12386,271.07,2025-03-08 07:14:33
180,user_activity,Monitoring,API,2025-06-05,8747,51.0,2025-01-18 07:14:33
181,access_logs,Networking,Internal,2025-02-04,47326,87.4,2025-10-12 07:14:33
182,threat_intel,Analytics,External,2025-07-01,12068,467.8,2025-09-17 07:14:33
183,threat_intel,Monitoring,External,2024-12-07,16944,414.12,2025-05-23 07:14:33
184,network_logs,Security,External,2025-06-03,2458,353.43,2025-11-05 07:14:33
185,cyber_incidents,Analytics,API,2025-01-11,37069,345.76,2025-03-29 07:14:33
186,user_activity,Analytics,Auto-Generated,2025-03-31,40962,317.42,2025-05-15 07:14:33
187,firewall_events,Monitoring,API,2025-03-21,47645,17.2,2025-12-02 07:14:33
188,system_health,Analytics,API,2025-10-16,45298,445.64,2025-04-09 07:14:33
189,vulnerability_scan,System,Internal,2025-01-14,43219,354.93,2025-10-23 07:14:33
190,network_logs,Networking,Internal,2025-02-07,11295,321.13,2025-07-28 07:14:33
191,cyber_incidents,Networking,Upload,2025-03-27,22631,317.76,2024-12-19 07:14:33
192,system_health,System,Auto-Generated,2025-03-26,17347,13.8,2025-10-24 07:14:33
193,user_activity,Analytics,API,2025-08-28,5547,81.79,2025-11-14 07:14:33
194,cyber_incidents,System,Internal,2025-01-01,10712,320.69,2025-05-09 07:14:33
195,vulnerability_scan,Monitoring,Auto-Generated,2025-11-24,46213,322.01,2025-08-31 07:14:33
196,firewall_events,System,External,2025-12-07,3450,118.53,2025-10-29 07:14:33
197,firewall_events,Monitoring,Auto-Generated,2025-09-17,26436,219.2,2025-04-17 07:14:33
198,system_health,System,Internal,2025-11-08,17073,425.93,2025-10-23 07:14:33
199,vulnerability_scan,System,External,2024-12-21,30547,56.36,2025-10-09 07:14:33
200,system_health,Analytics,Upload,2024-12-16,10728,255.51,2025-10-15 07:14:33
201,network_logs,System,API,2025-09-27,17481,370.53,2025-09-20 07:14:33
202,user_activity,Analytics,External,2025-04-21,40530,164.95,2025-09-18 07:14:33
203,cyber_incidents,Networking,Auto-Generated,2025-01-12,8818,258.28,2025-04-26 07:14:33
204,access_logs,Networking,API,2025-11-28,10469,154.06,2025-06-11 07:14:33
205,threat_intel,Networking,External,2025-09-09,19257,243.42,2025-07-17 07:14:33
206,system_health,Monitoring,API,2025-11-12,36525,213.54,2025-05-27 07:14:33
207,cyber_incidents,System,Auto-Generated,2025-03-04,7754,449.01,2025-04-24 07:14:33
208,user_activity,Networking,External,2025-12-07,43452,442.14,2025-01-09 07:14:33
209,system_health,Analytics,External,2025-07-25,40448,443.09,2025-12-02 07:14:33
210,access_logs,Networking,Internal,2025-04-07,10713,91.65,2025-06-07 07:14:33
211,network_logs,Analytics,Internal,2024-12-22,6245,219.59,2025-12-06 07:14:33
212,threat_intel,Analytics,Internal,2025-09-20,224,8.12,2025-11-12 07:14:33
213,firewall_events,Monitoring,External,2024-12-27,43483,311.93,2024-12-16 07:14:33
214,threat_intel,Monitoring,Upload,2025-04-08,587,165.42,2025-02-06 07:14:33
215,user_activity,System,Upload,2025-08-25,29435,127.32,2025-07-23 07:14:33
216,vulnerability_scan,Networking,API,2025-05-05,16409,200.96,2025-12-01 07:14:33
217,access_logs,Security,External,2025-11-29,18251,309.17,2025-09-26 07:14:33
218,system_health,Analytics,Internal,2025-06-27,39949,462.76,2024-12-17 07:14:33
219,user_activity,Networking,API,2025-10-12,11762,355.41,2025-01-06 07:14:33
220,threat_intel,Networking,Upload,2025-10-18,32764,46.65,2025-11-19 07:14:33
221,vulnerability_scan,System,Auto-Generated,2025-01-20,21346,53.1,2025-01-15 07:14:33
222,access_logs,Networking,Internal,2025-06-18,45386,85.85,2025-11-29 07:14:33
223,access_logs,Security,Upload,2025-11-05,1337,330.55,2025-07-02 07:14:33
224,cyber_incidents,Analytics,Auto-Generated,2025-04-04,23292,496.74,2025-06-26 07:14:33
225,firewall_events,System,External,2025-04-28,40154,228.07,2025-06-01 07:14:33
226,firewall_events,System,Upload,2025-11-29,35713,70.53,2025-02-27 07:14:33
227,firewall_events,Security,API,2025-09-21,35213,1.22,2025-04-05 07:14:33
228,user_activity,System,API,2025-01-31,5389,365.49,2025-06-14 07:14:33
229,access_logs,Security,API,2025-09-15,11914,176.21,2025-01-09 07:14:33
230,firewall_events,Security,Upload,2025-01-20,33605,239.32,2025-07-08 07:14:33
231,vulnerability_scan,Analytics,Auto-Generated,2025-07-21,31473,171.55,2025-05-13 07:14:33
232,firewall_events,Monitoring,API,2025-05-17,26581,271.7,2025-03-23 07:14:33
233,access_logs,Monitoring,Auto-Generated,2025-09-24,13170,173.54,2025-07-31 07:14:33
234,cyber_incidents,System,API,2025-08-01,30744,194.06,2024-12-13 07:14:33
235,threat_intel,Security,Auto-Generated,2025-07-24,34959,417.39,2024-12-30 07:14:33
236,vulnerability_scan,Security,Upload,2025-02-18,1446,199.35,2025-11-11 07:14:33
237,firewall_events,Networking,External,2025-01-18,19556,2.11,2025-07-07 07:14:33
238,firewall_events,Analytics,Internal,2025-10-08,9168,83.1,2025-10-18 07:14:33
239,cyber_incidents,Analytics,API,2025-09-28,46658,264.24,2025-06-08 07:14:33
240,firewall_events,System,Internal,2025-06-29,48759,318.45,2025-04-06 07:14:33
241,user_activity,Security,Auto-Generated,2025-09-20,46673,216.48,2025-02-22 07:14:33
242,system_health,Monitoring,API,2025-02-18,22329,16.48,2025-09-06 07:14:33
243,user_activity,Analytics,Internal,2025-04-18,26597,455.62,2025-05-11 07:14:33
244,user_activity,Networking,Internal,2025-02-19,40048,143.09,2025-10-16 07:14:33
245,user_activity,Security,Auto-Generated,2025-08-03,15653,410.56,2025-01-18 07:14:33
246,user_activity,Analytics,API,2025-10-17,22355,110.93,2025-11-15 07:14:33
247,vulnerability_scan,System,Auto-Generated,2025-05-19,23988,173.69,2025-05-06 07:14:33
248,user_activity,Networking,API,2025-04-16,20777,426.35,2024-12-16 07:14:33
249,access_logs,Analytics,External,2025-01-18,20806,472.73,2025-01-07 07:14:33
250,system_health,Security,Auto-Generated,2025-03-22,18031,357.72,2025-06-01 07:14:33
251,vulnerability_scan,Networking,External,2025-07-19,5099,52.55,2025-02-08 07:14:33
252,access_logs,Monitoring,Internal,2024-12-09,22044,347.75,2025-01-11 07:14:33
253,cyber_incidents,Security,Auto-Generated,2025-08-12,20807,496.29,2025-08-23 07:14:33
254,cyber_incidents,Analytics,API,2025-07-25,8888,4.66,2025-02-13 07:14:33
255,system_health,System,Auto-Generated,2025-09-12,9565,88.41,2025-10-19 07:14:33
256,user_activity,Monitoring,Auto-Generated,2025-08-01,6128,290.11,2025-01-25 07:14:33
257,system_health,Security,Upload,2025-11-02,16832,178.15,2025-02-11 07:14:33
258,firewall_events,System,External,2025-04-02,8627,273.44,2025-03-28 07:14:33
259,threat_intel,Networking,External,2025-01-12,26893,441.96,2025-10-30 07:14:33
260,user_activity,Security,Auto-Generated,2025-08-28,31421,260.52,2025-05-19 07:14:33
261,threat_intel,Networking,External,2024-12-21,40840,346.33,2025-08-19 07:14:33
262,cyber_incidents,Networking,Internal,2025-03-24,9864,332.98,2025-08-15 07:14:33
263,system_health,Analytics,API,2025-03-07,16141,157.18,2025-08-17 07:14:33
264,firewall_events,Analytics,Upload,2025-11-03,23057,103.24,2024-12-19 07:14:33
265,system_health,System,Internal,2025-04-13,1821,327.37,2025-08-03 07:14:33
266,cyber_incidents,Monitoring,External,2025-01-19,49485,462.23,2025-04-03 07:14:33
267,network_logs,Analytics,API,2025-06-08,41709,89.37,2025-07-12 07:14:33
268,vulnerability_scan,Monitoring,External,2025-03-22,752,103.89,2025-03-10 07:14:33
269,network_logs,Networking,Auto-Generated,2025-10-25,37251,352.04,2025-03-21 07:14:33
270,firewall_events,Networking,Internal,2025-08-19,42355,12.73,2025-03-17 07:14:33
271,cyber_incidents,Networking,External,2025-06-12,136,231.97,2025-01-15 07:14:33
272,user_activity,Analytics,API,2025-01-04,37023,442.63,2025-03-28 07:14:33
273,system_health,System,Internal,2025-10-27,23239,439.37,2025-05-21 07:14:33
274,threat_intel,Monitoring,Auto-Generated,2025-01-30,48608,369.34,2025-11-17 07:14:33
275,network_logs,Analytics,Upload,2025-06-05,31639,332.53,2025-06-13 07:14:33
276,system_health,Networking,Auto-Generated,2025-07-02,7360,340.33,2025-08-04 07:14:33
277,user_activity,Networking,Upload,2025-11-04,28260,211.87,2025-10-12 07:14:33
278,system_health,Networking,Upload,2025-01-20,42824,249.15,2025-09-02 07:14:33
279,user_activity,Monitoring,Auto-Generated,2025-02-03,43777,165.8,2025-08-25 07:14:33
280,vulnerability_scan,Monitoring,Internal,2025-01-26,19654,254.07,2025-05-30 07:14:33
281,access_logs,Analytics,External,2025-04-05,45127,40.5,2025-05-13 07:14:33
282,cyber_incidents,System,API,2025-11-27,42550,196.3,2025-06-19 07:14:33
283,firewall_events,Analytics,API,2025-01-28,42118,455.13,2025-04-19 07:14:33
284,firewall_events,Networking,Internal,2025-02-11,31611,410.49,2025-01-20 07:14:33
285,system_health,Monitoring,Auto-Generated,2025-10-31,39879,421.57,2025-04-09 07:14:33
286,firewall_events,Networking,Auto-Generated,2025-03-21,46179,366.3,2025-11-13 07:14:33
287,system_health,Networking,API,2025-07-04,20473,256.53,2025-08-07 07:14:33
288,user_activity,Monitoring,Internal,2025-04-19,20445,226.9,2025-02-14 07:14:33
289,network_logs,Monitoring,Internal,2025-03-05,49938,18.76,2025-06-23 07:14:33
290,access_logs,Analytics,Internal,2025-11-15,25311,94.08,2025-05-21 07:14:33
291,firewall_events,Security,Upload,2025-07-20,24220,114.18,2025-02-16 07:14:33
292,user_activity,Security,Internal,2025-01-18,36352,134.57,2025-10-22 07:14:33
293,network_logs,System,Upload,2025-08-02,30155,493.24,2025-03-06 07:14:33
294,access_logs,Analytics,API,2025-04-07,20027,98.79,2024-12-08 07:14:33
295,cyber_incidents,Monitoring,Upload,2025-01-30,38669,293.67,2025-01-22 07:14:33
296,user_activity,Networking,External,2025-01-16,3306,38.92,2025-03-08 07:14:33
297,system_health,Networking,Internal,2025-02-07,35679,83.04,2025-07-19 07:14:33
298,access_logs,Monitoring,API,2025-06-26,28942,70.23,2025-07-14 07:14:33
299,network_logs,Analytics,Upload,2025-09-08,4883,417.81,2025-11-11 07:14:33
300,cyber_incidents,Monitoring,API,2025-06-04,36067,357.75,2025-07-05 07:14:33
301,vulnerability_scan,Networking,External,2025-02-18,45451,318.84,2025-04-14 07:14:33
302,cyber_incidents,Analytics,Upload,2025-11-13,6771,216.32,2025-07-18 07:14:33
303,system_health,Analytics,Auto-Generated,2025-05-31,12029,125.61,2025-10-17 07:14:33
304,vulnerability_scan,Networking,Internal,2025-10-07,28145,403.75,2025-10-22 07:14:33
305,system_health,Monitoring,Auto-Generated,2025-01-12,19803,270.28,2025-07-16 07:14:33
306,system_health,Monitoring,Auto-Generated,2024-12-31,36393,215.34,2024-12-19 07:14:33
307,threat_intel,System,Auto-Generated,2025-04-14,2504,483.24,2025-02-11 07:14:33
308,vulnerability_scan,Security,Upload,2025-11-19,17172,97.11,2025-07-22 07:14:33
309,user_activity,Security,Internal,2025-05-02,21183,203.11,2025-10-18 07:14:33
310,system_health,Security,Upload,2025-08-24,37531,293.96,2025-07-04 07:14:33
311,network_logs,System,Internal,2025-06-27,36973,307.68,2025-05-25 07:14:33
312,threat_intel,Security,API,2025-02-19,30682,131.35,2025-02-23 07:14:33
313,cyber_incidents,Networking,Internal,2025-07-01,17665,286.58,2025-03-26 07:14:33
314,network_logs,System,Upload,2025-05-17,21605,430.35,2025-10-27 07:14:33
315,vulnerability_scan,Monitoring,Internal,2025-12-05,27287,412.38,2025-02-02 07:14:33
316,threat_intel,Analytics,Auto-Generated,2025-06-23,17437,306.03,2025-12-01 07:14:33
317,cyber_incidents,Security,Upload,2025-07-11,8987,430.92,2024-12-25 07:14:33
318,firewall_events,System,External,2025-09-06,47627,460.5,2025-08-24 07:14:33
319,network_logs,System,Auto-Generated,2025-06-11,8953,69.62,2025-05-02 07:14:33
320,threat_intel,Networking,API,2025-06-17,11579,208.57,2025-10-27 07:14:33
321,access_logs,Monitoring,Internal,2025-10-27,9352,162.82,2025-08-03 07:14:33
322,network_logs,Analytics,External,2025-01-23,22547,459.99,2025-02-06 07:14:33
323,vulnerability_scan,System,API,2025-03-12,2214,410.8,2025-05-14 07:14:33
324,system_health,Networking,Auto-Generated,2025-09-19,7041,358.43,2025-03-14 07:14:33
325,threat_intel,Monitoring,Auto-Generated,2025-04-25,16717,48.87,2025-08-07 07:14:33
326,threat_intel,System,Upload,2025-04-09,24041,181.38,2025-05-16 07:14:33
327,firewall_events,Security,Internal,2024-12-31,18235,276.04,2025-07-27 07:14:33
328,access_logs,Monitoring,Internal,2025-04-04,49588,289.87,2025-08-28 07:14:33
329,threat_intel,System,Auto-Generated,2025-05-28,34491,156.71,2025-02-07 07:14:33
330,cyber_incidents,System,Auto-Generated,2025-09-06,39412,8.77,2025-09-22 07:14:33
331,vulnerability_scan,Networking,Auto-Generated,2025-11-11,31342,10.99,2025-04-26 07:14:33
332,threat_intel,Networking,Auto-Generated,2025-07-23,20931,415.35,2025-05-03 07:14:33
333,network_logs,Analytics,Auto-Generated,2025-09-29,26543,54.2,2025-04-28 07:14:33
334,cyber_incidents,Monitoring,Internal,2025-01-22,28734,23.63,2025-05-08 07:14:33
335,network_logs,Analytics,Upload,2025-02-04,27800,47.03,2025-09-29 07:14:33
336,access_logs,Monitoring,Internal,2025-03-04,38285,304.1,2025-06-23 07:14:33
337,threat_intel,System,External,2025-01-18,40071,383.52,2025-02-27 07:14:33
338,system_health,Networking,External,2025-06-18,41156,415.32,2025-12-05 07:14:33
339,system_health,Security,Upload,2025-04-15,9165,245.22,2025-11-20 07:14:33
340,cyber_incidents,Analytics,External,2025-08-31,31028,190.31,2025-05-13 07:14:33
341,network_logs,Monitoring,Upload,2025-08-09,48066,192.84,2025-06-08 07:14:33
342,vulnerability_scan,Security,Internal,2025-05-13,30027,283.81,2025-12-03 07:14:33
343,vulnerability_scan,Analytics,External,2025-11-18,32894,95.42,2025-04-19 07:14:33
344,threat_intel,Analytics,API,2025-05-06,4314,482.26,2025-04-07 07:14:33
345,system_health,Monitoring,Upload,2024-12-08,19789,263.27,2025-11-22 07:14:33
346,cyber_incidents,Networking,External,2025-04-28,44508,310.5,2025-05-31 07:14:33
347,threat_intel,Analytics,Auto-Generated,2025-03-18,3551,213.89,2025-04-27 07:14:33
348,user_activity,Networking,Upload,2025-11-18,37440,413.99,2025-03-29 07:14:33
349,cyber_incidents,Analytics,External,2025-11-28,48005,121.7,2024-12-30 07:14:33
350,firewall_events,Monitoring,Auto-Generated,2025-04-21,15830,126.95,2025-10-12 07:14:33
351,system_health,System,API,2025-02-24,17707,146.56,2025-03-31 07:14:33
352,firewall_events,Networking,External,2025-03-17,30238,123.88,2025-07-02 07:14:33
353,user_activity,Security,API,2025-01-26,40640,175.27,2024-12-23 07:14:33
354,firewall_events,Analytics,Upload,2025-02-26,43658,254.8,2025-07-09 07:14:33
355,network_logs,System,Auto-Generated,2025-10-12,2047,29.62,2025-09-29 07:14:33
356,access_logs,Monitoring,Auto-Generated,2024-12-27,25240,370.78,2025-07-18 07:14:33
357,access_logs,System,External,2025-08-06,35901,170.96,2025-08-01 07:14:33
358,cyber_incidents,Security,Internal,2025-09-30,6528,461.25,2025-01-07 07:14:33
359,cyber_incidents,System,Upload,2025-05-08,8641,325.07,2025-03-17 07:14:33
360,vulnerability_scan,Analytics,Upload,2024-12-23,29995,403.67,2025-06-21 07:14:33
361,network_logs,System,Upload,2025-11-22,26573,406.09,2025-03-01 07:14:33
362,system_health,System,API,2025-02-15,47550,287.68,2025-02-18 07:14:33
363,firewall_events,System,Upload,2025-11-16,19635,391.37,2025-01-12 07:14:33
364,vulnerability_scan,Monitoring,API,2025-08-06,10233,303.22,2024-12-29 07:14:33
365,firewall_events,Monitoring,Upload,2025-10-25,28781,132.56,2025-08-14 07:14:33
366,cyber_incidents,Networking,API,2025-03-09,5056,201.79,2025-01-08 07:14:33
367,firewall_events,Monitoring,Internal,2025-07-08,4662,380.1,2025-06-28 07:14:33
368,threat_intel,System,API,2025-04-22,36439,314.54,2025-04-02 07:14:33
369,cyber_incidents,Monitoring,Upload,2025-03-31,33065,116.27,2025-05-17 07:14:33
370,access_logs,Networking,Upload,2025-04-09,12520,477.93,2025-07-11 07:14:33
371,network_logs,Analytics,Upload,2025-08-30,9676,326.18,2025-10-03 07:14:33
372,user_activity,Networking,Internal,2025-02-17,28520,203.76,2025-07-23 07:14:33
373,network_logs,Analytics,API,2025-11-18,36775,196.6,2025-03-05 07:14:33
374,system_health,System,Auto-Generated,2025-10-12,5488,370.1,2025-09-30 07:14:33
375,firewall_events,Monitoring,Upload,2024-12-17,35332,195.5,2025-05-29 07:14:33
376,access_logs,Analytics,Upload,2025-09-25,17691,232.69,2025-03-25 07:14:33
377,cyber_incidents,Security,Auto-Generated,2025-10-23,47582,132.27,2025-02-12 07:14:33
378,cyber_incidents,System,External,2025-09-10,7427,220.71,2025-07-07 07:14:33
379,network_logs,System,Auto-Generated,2025-06-08,35739,281.94,2025-08-19 07:14:33
380,cyber_incidents,Networking,External,2025-11-13,39022,474.59,2025-10-06 07:14:33
381,cyber_incidents,System,Internal,2025-06-01,43583,55.64,2025-03-16 07:14:33
382,user_activity,Monitoring,External,2025-09-26,1029,172.22,2025-11-25 07:14:33
383,network_logs,Analytics,Internal,2025-01-16,27974,53.14,2025-08-22 07:14:33
384,system_health,Monitoring,External,2025-09-18,26061,75.72,2025-09-23 07:14:33
385,user_activity,Monitoring,Internal,2025-04-18,39195,93.43,2025-06-05 07:14:33
386,firewall_events,Analytics,External,2024-12-18,38738,104.44,2025-10-03 07:14:33
387,user_activity,System,External,2025-01-24,8482,98.91,2025-05-11 07:14:33
388,threat_intel,System,Internal,2025-01-22,28132,337.73,2025-03-10 07:14:33
389,network_logs,Monitoring,Internal,2025-09-21,24279,88.93,2025-03-14 07:14:33
390,access_logs,System,Auto-Generated,2025-07-24,17819,107.26,2025-09-10 07:14:33
391,firewall_events,Networking,External,2025-06-28,35528,485.75,2025-01-06 07:14:33
392,vulnerability_scan,Networking,Internal,2025-02-12,49152,476.51,2025-02-10 07:14:33
393,system_health,Analytics,Internal,2025-08-14,31356,455.65,2025-04-17 07:14:33
394,firewall_events,Security,Upload,2025-02-21,46562,159.1,2024-12-30 07:14:33
395,threat_intel,System,Internal,2025-02-28,41786,263.6,2025-11-20 07:14:33
396,access_logs,System,External,2025-11-14,6680,245.06,2025-02-26 07:14:33
397,firewall_events,Monitoring,Upload,2025-01-27,19728,464.52,2025-11-11 07:14:33
398,firewall_events,Analytics,Upload,2025-06-19,32812,85.63,2025-02-28 07:14:33
399,cyber_incidents,Networking,API,2025-02-04,46136,219.14,2025-08-22 07:14:33
400,threat_intel,System,Upload,2025-09-10,28496,446.03,2025-02-22 07:14:33
401,cyber_incidents,System,Upload,2025-06-27,36738,224.59,2024-12-19 07:14:33
402,cyber_incidents,System,External,2025-11-17,43404,270.79,2025-06-10 07:14:33
403,access_logs,Monitoring,Upload,2025-10-09,18738,292.73,2025-11-17 07:14:33
404,cyber_incidents,Security,API,2024-12-21,40281,78.67,2025-11-22 07:14:33
405,vulnerability_scan,Monitoring,External,2025-10-02,17425,20.8,2025-09-13 07:14:33
406,threat_intel,Analytics,Internal,2025-04-10,49682,96.32,2025-03-21 07:14:33
407,system_health,System,API,2025-01-05,22671,47.61,2025-01-14 07:14:33
408,user_activity,Monitoring,Internal,2025-11-24,28822,88.12,2025-06-28 07:14:33
409,firewall_events,Security,External,2025-06-14,41709,218.17,2025-11-22 07:14:33
410,access_logs,Monitoring,API,2024-12-23,47234,379.67,2025-11-15 07:14:33
411,firewall_events,Monitoring,API,2025-04-28,40210,436.48,2025-08-29 07:14:33
412,cyber_incidents,System,Auto-Generated,2025-11-02,12755,191.13,2025-06-23 07:14:33
413,cyber_incidents,Security,Auto-Generated,2025-08-23,39236,133.12,2025-10-24 07:14:33
414,user_activity,System,Internal,2025-07-20,44903,46.53,2025-08-03 07:14:33
415,network_logs,Analytics,External,2025-05-19,41277,377.22,2025-10-12 07:14:33
416,user_activity,Networking,External,2025-01-07,21203,277.47,2025-09-01 07:14:33
417,system_health,System,API,2024-12-14,46941,89.13,2025-06-16 07:14:33
418,cyber_incidents,Monitoring,Upload,2025-09-30,19740,450.79,2025-08-03 07:14:33
419,cyber_incidents,Monitoring,API,2025-03-25,17569,423.3,2025-08-26 07:14:33
420,access_logs,Security,API,2025-09-09,26696,1.89,2025-03-18 07:14:33
421,network_logs,Analytics,Internal,2025-06-29,7200,42.29,2025-07-20 07:14:33
422,user_activity,Networking,Auto-Generated,2024-12-20,10091,363.08,2025-03-18 07:14:33
423,firewall_events,Networking,API,2025-03-29,10289,56.85,2025-10-23 07:14:33
424,vulnerability_scan,System,API,2025-09-15,12819,281.01,2025-01-24 07:14:33
425,user_activity,System,Internal,2025-03-19,10618,381.18,2025-12-06 07:14:33
426,cyber_incidents,Networking,Internal,2025-01-25,32222,245.05,2025-11-06 07:14:33
427,vulnerability_scan,Monitoring,Upload,2025-01-22,20500,33.56,2024-12-13 07:14:33
428,network_logs,Networking,Auto-Generated,2025-03-03,43992,22.61,2025-10-10 07:14:33
429,system_health,Security,Internal,2025-11-01,42926,330.31,2025-02-10 07:14:33
430,access_logs,Monitoring,Auto-Generated,2025-07-19,32996,242.94,2025-06-16 07:14:33
431,network_logs,Monitoring,Upload,2024-12-20,16023,460.19,2025-10-27 07:14:33
432,system_health,Security,API,2025-01-18,44419,10.92,2025-05-19 07:14:33
433,system_health,Networking,API,2025-08-01,42914,392.17,2025-06-30 07:14:33
434,firewall_events,Monitoring,External,2025-10-30,34754,44.09,2024-12-11 07:14:33
435,access_logs,System,API,2025-02-01,365,398.7,2025-06-29 07:14:33
436,firewall_events,Security,Internal,2025-06-01,20938,1.08,2025-10-27 07:14:33
437,vulnerability_scan,Networking,External,2025-11-16,4543,152.07,2025-08-12 07:14:33
438,network_logs,Monitoring,Auto-Generated,2025-08-24,3573,442.71,2025-11-23 07:14:33
439,access_logs,Security,Upload,2025-02-15,5201,47.58,2025-11-28 07:14:33
440,access_logs,Networking,External,2025-10-14,4665,98.78,2025-11-01 07:14:33
441,system_health,Monitoring,Upload,2025-04-05,41149,227.75,2025-01-17 07:14:33
442,user_activity,Analytics,Internal,2024-12-12,27594,292.27,2025-08-14 07:14:33
443,firewall_events,Security,Internal,2025-11-13,5635,203.74,2025-07-02 07:14:33
444,cyber_incidents,Networking,Auto-Generated,2025-04-09,30648,28.6,2025-03-18 07:14:33
445,user_activity,Monitoring,External,2025-10-18,28263,151.97,2025-10-03 07:14:33
446,cyber_incidents,Monitoring,External,2025-02-27,3716,112.92,2025-08-22 07:14:33
447,system_health,System,API,2025-07-26,28681,19.68,2025-03-28 07:14:33
448,firewall_events,System,External,2025-04-23,30143,244.61,2025-03-31 07:14:33
449,network_logs,Networking,Internal,2025-01-23,49341,192.75,2024-12-07 07:14:33
450,threat_intel,Analytics,External,2025-05-17,7500,326.0,2025-06-15 07:14:33
451,system_health,Analytics,External,2025-07-02,23968,488.25,2025-05-21 07:14:33
452,firewall_events,Monitoring,Auto-Generated,2025-01-29,13745,318.47,2025-05-05 07:14:33
453,user_activity,Monitoring,Internal,2025-11-16,41541,340.18,2025-04-25 07:14:33
454,firewall_events,Analytics,API,2025-11-02,47975,73.74,2025-08-22 07:14:33
455,system_health,Networking,Internal,2025-04-02,21496,353.62,2024-12-19 07:14:33
456,user_activity,Networking,Auto-Generated,2025-08-28,33305,169.17,2025-07-29 07:14:33
457,system_health,Networking,Internal,2024-12-21,18071,181.52,2025-06-05 07:14:33
458,firewall_events,Security,Upload,2025-02-26,23437,16.51,2025-03-23 07:14:33
459,cyber_incidents,Analytics,Internal,2025-05-28,32950,62.65,2025-05-15 07:14:33
460,system_health,Networking,Auto-Generated,2025-11-23,24753,313.55,2025-01-16 07:14:33
461,cyber_incidents,Networking,Auto-Generated,2025-11-04,5634,71.94,2025-06-18 07:14:33
462,threat_intel,Monitoring,Upload,2025-07-04,25422,415.74,2025-01-07 07:14:33
463,threat_intel,Monitoring,API,2025-11-03,8165,230.54,2025-03-07 07:14:33
464,vulnerability_scan,Monitoring,API,2024-12-31,44971,204.28,2025-02-08 07:14:33
465,firewall_events,Monitoring,Internal,2025-11-01,30330,24.35,2024-12-24 07:14:33
466,threat_intel,Analytics,Internal,2025-10-01,10613,32.11,2025-10-04 07:14:33
467,vulnerability_scan,Security,Upload,2025-12-05,25831,38.22,2024-12-19 07:14:33
468,system_health,Security,API,2024-12-19,26116,278.26,2025-07-13 07:14:33
469,network_logs,Analytics,Upload,2025-05-18,6181,189.27,2025-03-10 07:14:33
470,threat_intel,Security,Internal,2025-11-20,24034,379.57,2025-05-15 07:14:33
471,vulnerability_scan,Monitoring,Internal,2025-07-25,36487,406.02,2025-06-18 07:14:33
472,firewall_events,Monitoring,External,2025-11-22,49682,382.28,2025-06-30 07:14:33
473,network_logs,Monitoring,Auto-Generated,2025-09-01,49066,113.67,2025-04-08 07:14:33
474,firewall_events,System,API,2025-02-18,3766,476.54,2025-08-03 07:14:33
475,user_activity,System,API,2025-04-26,18819,401.43,2025-07-28 07:14:33
476,firewall_events,System,API,2025-08-14,49801,225.8,2025-01-03 07:14:33
477,cyber_incidents,Networking,API,2025-10-08,401,153.84,2025-08-22 07:14:33
478,network_logs,Analytics,Upload,2025-07-05,15360,173.45,2025-01-03 07:14:33
479,firewall_events,Monitoring,API,2025-08-01,30267,363.51,2025-05-04 07:14:33
480,access_logs,Monitoring,Internal,2025-08-04,46441,463.14,2025-08-29 07:14:33
481,network_logs,Monitoring,Auto-Generated,2025-06-21,28167,18.42,2025-03-24 07:14:33
482,cyber_incidents,Networking,Auto-Generated,2025-09-19,23846,38.38,2025-11-09 07:14:33
483,network_logs,Security,API,2025-07-24,17473,333.47,2025-08-22 07:14:33
484,network_logs,Networking,Upload,2025-01-27,30786,223.06,2025-04-10 07:14:33
485,user_activity,Networking,Auto-Generated,2025-04-01,17847,167.94,2025-01-08 07:14:33
486,cyber_incidents,Networking,Upload,2025-08-04,35049,492.09,2025-01-20 07:14:33
487,cyber_incidents,Analytics,Internal,2025-02-01,33638,87.73,2025-08-23 07:14:33
488,cyber_incidents,System,Auto-Generated,2025-12-02,44919,311.28,2025-02-27 07:14:33
489,network_logs,Monitoring,Auto-Generated,2025-11-03,20119,407.03,2025-03-22 07:14:33
490,threat_intel,Security,External,2025-04-17,24150,56.74,2025-05-10 07:14:33
491,vulnerability_scan,Monitoring,External,2025-04-12,31099,347.57,2025-06-14 07:14:33
492,firewall_events,Monitoring,Auto-Generated,2025-04-07,44670,17.3,2025-02-07 07:14:33
493,vulnerability_scan,System,External,2025-09-13,19746,448.65,2025-05-30 07:14:33
494,user_activity,Networking,API,2025-07-14,1500,53.03,2025-05-06 07:14:33
495,network_logs,Security,External,2025-12-01,20860,446.83,2025-03-25 07:14:33
496,access_logs,Analytics,API,2025-10-27,38746,45.45,2025-03-10 07:14:33
497,vulnerability_scan,Analytics,Upload,2025-09-28,26237,143.48,2025-06-30 07:14:33
498,threat_intel,Monitoring,Internal,2025-04-19,39803,302.67,2025-10-16 07:14:33
499,threat_intel,Monitoring,Upload,2024-12-20,30311,191.01,2025-10-29 07:14:33
500,access_logs,Monitoring,Upload,2025-03-23,42017,163.96,2025-11-23 07:14:33
501,network_logs,Networking,Internal,2025-02-16,13014,33.42,2025-05-02 07:14:33
502,threat_intel,Networking,Internal,2025-02-02,9978,196.02,2025-08-30 07:14:33
503,cyber_incidents,Security,Internal,2025-09-06,33737,61.27,2025-07-13 07:14:33
504,system_health,Monitoring,API,2025-03-17,27266,62.31,2025-09-05 07:14:33
505,user_activity,Analytics,External,2025-04-19,2351,36.41,2025-03-17 07:14:33
506,vulnerability_scan,Security,Internal,2025-05-14,15902,293.34,2025-01-23 07:14:33
507,threat_intel,Analytics,External,2025-06-27,31504,186.76,2025-09-10 07:14:33
508,threat_intel,Monitoring,Internal,2025-06-05,28999,446.29,2025-08-19 07:14:33
509,firewall_events,Security,External,2025-09-23,30773,257.12,2024-12-16 07:14:33
510,access_logs,Networking,Upload,2025-02-24,21448,386.81,2025-09-15 07:14:33
511,cyber_incidents,System,Auto-Generated,2025-03-28,22113,498.85,2025-11-20 07:14:33
512,access_logs,Security,Internal,2025-02-01,19262,494.7,2025-07-31 07:14:33
513,vulnerability_scan,Security,External,2025-07-24,21266,367.37,2025-03-28 07:14:33
514,system_health,System,External,2025-08-17,44404,175.53,2025-07-23 07:14:33
515,vulnerability_scan,Networking,External,2025-05-15,28012,84.36,2025-04-19 07:14:33
516,threat_intel,Networking,External,2025-08-10,4336,328.91,2025-10-27 07:14:33
517,access_logs,Networking,Internal,2025-09-03,1453,327.07,2025-01-29 07:14:33
518,vulnerability_scan,Networking,External,2025-04-29,26594,86.88,2025-07-11 07:14:33
519,system_health,Analytics,API,2025-08-27,4804,107.99,2025-03-10 07:14:33
520,user_activity,Analytics,API,2025-10-23,35370,287.13,2025-04-13 07:14:33
521,system_health,Networking,Auto-Generated,2024-12-21,928,324.08,2025-08-13 07:14:33
522,system_health,Analytics,API,2025-01-13,11988,226.14,2025-10-17 07:14:33
523,cyber_incidents,Monitoring,Upload,2024-12-25,49770,18.29,2025-01-07 07:14:33
524,user_activity,Networking,External,2024-12-15,13219,310.1,2025-10-21 07:14:33
525,network_logs,Analytics,Upload,2025-03-04,22180,61.57,2024-12-29 07:14:33
526,firewall_events,Analytics,API,2025-07-30,3757,76.83,2025-10-14 07:14:33
527,firewall_events,Networking,External,2025-11-26,11567,146.43,2025-02-11 07:14:33
528,access_logs,System,Internal,2025-01-29,41063,105.67,2025-08-24 07:14:33
529,user_activity,Analytics,Upload,2025-01-05,3793,493.02,2025-04-03 07:14:33
530,network_logs,Analytics,Internal,2025-05-19,12718,214.05,2025-10-19 07:14:33
531,system_health,Monitoring,Internal,2025-07-18,48950,155.18,2025-10-24 07:14:33
532,threat_intel,System,Upload,2025-09-17,15008,436.59,2025-09-21 07:14:33
533,access_logs,Monitoring,Internal,2025-09-13,38280,361.51,2025-03-16 07:14:33
534,cyber_incidents,Security,Auto-Generated,2025-03-09,22219,242.09,2024-12-27 07:14:33
535,threat_intel,Security,Upload,2025-01-14,43957,449.83,2025-11-24 07:14:33
536,user_activity,System,Upload,2024-12-09,25847,403.14,2025-03-12 07:14:33
537,user_activity,Analytics,Upload,2025-08-03,21524,370.06,2025-11-21 07:14:33
538,threat_intel,Security,External,2025-05-26,25853,159.51,2025-06-27 07:14:33
539,vulnerability_scan,Monitoring,External,2025-08-12,4718,354.77,2025-03-18 07:14:33
540,system_health,Security,External,2025-02-27,37644,295.23,2025-04-08 07:14:33
541,threat_intel,Analytics,Internal,2025-04-09,27528,206.85,2025-03-09 07:14:33
542,system_health,Security,Internal,2025-03-08,1199,5.07,2025-07-02 07:14:33
543,vulnerability_scan,Analytics,API,2024-12-30,32630,9.09,2024-12-07 07:14:33
544,threat_intel,System,Upload,2025-11-11,1882,117.88,2025-05-25 07:14:33
545,vulnerability_scan,System,External,2025-04-29,38099,54.47,2025-03-11 07:14:33
546,threat_intel,Analytics,API,2025-03-22,4685,237.76,2025-02-21 07:14:33
547,firewall_events,Analytics,Internal,2025-03-26,4060,28.29,2025-07-08 07:14:33
548,user_activity,Analytics,Internal,2025-08-03,8052,76.71,2025-11-15 07:14:33
549,system_health,Networking,Internal,2025-06-20,22225,234.67,2025-04-18 07:14:33
550,cyber_incidents,Monitoring,Internal,2025-08-07,8390,294.86,2025-11-04 07:14:33
551,vulnerability_scan,System,API,2025-08-09,25774,329.41,2025-08-06 07:14:33
552,access_logs,Security,Internal,2025-08-01,18171,431.84,2025-09-20 07:14:33
553,user_activity,Networking,Internal,2025-11-21,35390,396.13,2025-10-05 07:14:33
554,system_health,Security,Internal,2025-10-12,21364,144.31,2025-08-11 07:14:33
555,cyber_incidents,Security,Upload,2025-04-11,38582,252.66,2025-10-30 07:14:33
556,cyber_incidents,System,Upload,2025-09-06,35646,389.89,2025-10-18 07:14:33
557,user_activity,Networking,External,2025-11-15,3545,254.26,2024-12-18 07:14:33
558,network_logs,Monitoring,Internal,2025-10-01,30830,499.21,2025-11-10 07:14:33
559,cyber_incidents,Analytics,Internal,2024-12-17,28882,278.41,2025-10-31 07:14:33
560,system_health,System,External,2025-05-26,45811,109.45,2025-04-15 07:14:33
561,threat_intel,Analytics,API,2025-01-22,568,388.26,2025-06-26 07:14:33
562,vulnerability_scan,Networking,External,2025-10-25,15469,257.06,2025-06-19 07:14:33
563,cyber_incidents,Monitoring,Auto-Generated,2025-03-04,13806,339.73,2025-01-16 07:14:33
564,cyber_incidents,System,Internal,2025-06-26,6104,267.69,2025-02-17 07:14:33
565,threat_intel,Analytics,Internal,2025-10-27,3667,416.42,2025-01-03 07:14:33
566,user_activity,Security,Auto-Generated,2025-02-05,48193,380.96,2024-12-10 07:14:33
567,network_logs,Networking,Auto-Generated,2025-07-06,42855,210.67,2025-02-07 07:14:33
568,access_logs,Networking,API,2025-02-14,11346,247.62,2025-09-02 07:14:33
569,access_logs,Analytics,Auto-Generated,2025-06-30,18024,384.0,2025-09-09 07:14:33
570,access_logs,Monitoring,Auto-Generated,2025-05-14,3402,398.74,2025-07-14 07:14:33
571,vulnerability_scan,Security,External,2025-01-09,249,349.83,2025-09-07 07:14:33
572,vulnerability_scan,Analytics,API,2025-07-09,49378,120.49,2024-12-09 07:14:33
573,user_activity,Analytics,Internal,2025-09-20,36135,283.38,2025-07-10 07:14:33
574,access_logs,Networking,Auto-Generated,2025-01-27,28075,28.91,2025-07-22 07:14:33
575,network_logs,Monitoring,Upload,2024-12-23,33881,95.35,2025-11-26 07:14:33
576,user_activity,Networking,Upload,2025-03-15,34102,61.25,2025-11-27 07:14:33
577,vulnerability_scan,Security,API,2025-01-08,8764,174.5,2025-04-19 07:14:33
578,system_health,Monitoring,Auto-Generated,2025-05-03,17644,193.79,2025-06-18 07:14:33
579,network_logs,Networking,External,2024-12-24,13936,210.8,2025-11-04 07:14:33
580,cyber_incidents,System,Internal,2025-04-23,42843,254.01,2025-02-23 07:14:33
581,network_logs,Networking,Auto-Generated,2025-01-09,31353,137.71,2025-10-25 07:14:33
582,cyber_incidents,Security,Auto-Generated,2025-05-10,43348,405.63,2025-09-03 07:14:33
583,access_logs,Security,Auto-Generated,2025-01-21,45242,348.71,2025-08-06 07:14:33
584,network_logs,Security,Auto-Generated,2025-03-02,2200,281.24,2024-12-24 07:14:33
585,firewall_events,Networking,Auto-Generated,2025-10-07,12895,124.53,2025-08-22 07:14:33
586,system_health,System,API,2025-01-31,30722,234.14,2025-08-23 07:14:33
587,cyber_incidents,Networking,API,2025-06-22,32181,442.9,2025-05-22 07:14:33
588,access_logs,Security,API,2025-05-05,49887,96.97,2025-08-01 07:14:33
589,access_logs,Analytics,Upload,2025-04-13,42152,394.63,2025-08-19 07:14:33
590,threat_intel,Monitoring,Auto-Generated,2025-05-01,19509,285.68,2024-12-27 07:14:33
591,firewall_events,Monitoring,Upload,2025-03-19,43722,21.09,2025-10-12 07:14:33
592,user_activity,Monitoring,Auto-Generated,2025-05-23,28504,342.38,2025-06-16 07:14:33
593,system_health,Security,API,2025-08-05,3382,16.18,2025-06-18 07:14:33
594,cyber_incidents,System,API,2025-04-17,35951,313.34,2025-09-11 07:14:33
595,system_health,Networking,External,2025-02-28,48601,320.88,2025-09-13 07:14:33
596,firewall_events,Security,Auto-Generated,2025-09-30,8967,18.96,2025-09-12 07:14:33
597,firewall_events,Networking,Internal,2025-02-18,1920,63.46,2025-02-20 07:14:33
598,vulnerability_scan,Analytics,API,2025-05-13,40401,457.28,2025-06-21 07:14:33
599,access_logs,Analytics,Auto-Generated,2025-07-16,35024,11.3,2025-09-22 07:14:33
600,threat_intel,System,Internal,2025-06-04,7746,425.79,2025-04-02 07:14:33
601,cyber_incidents,Monitoring,API,2025-06-13,35447,75.89,2025-12-01 07:14:33
602,network_logs,System,Auto-Generated,2025-03-29,23194,312.77,2025-02-27 07:14:33
603,access_logs,System,Upload,2024-12-17,43870,278.6,2025-09-10 07:14:33
604,system_health,Networking,API,2025-02-09,30809,161.18,2025-09-22 07:14:33
605,network_logs,Networking,API,2025-07-08,12393,449.46,2024-12-29 07:14:33
606,cyber_incidents,Security,Internal,2024-12-21,29807,453.1,2025-09-20 07:14:33
607,cyber_incidents,Monitoring,API,2025-04-12,20205,287.69,2025-06-05 07:14:33
608,cyber_incidents,Analytics,External,2025-02-12,40497,357.96,2025-04-26 07:14:33
609,threat_intel,Analytics,Internal,2025-03-19,16327,122.89,2025-04-08 07:14:33
610,threat_intel,Networking,External,2025-01-31,10750,222.67,2025-08-05 07:14:33
611,firewall_events,System,API,2025-06-01,9725,241.92,2025-06-24 07:14:33
612,threat_intel,Networking,Auto-Generated,2025-07-18,39389,95.88,2025-04-30 07:14:33
613,user_activity,System,API,2025-03-25,7324,185.4,2025-07-31 07:14:33
614,vulnerability_scan,Monitoring,External,2025-10-06,34964,472.17,2025-03-24 07:14:33
615,cyber_incidents,System,Auto-Generated,2025-11-13,35996,107.34,2025-03-11 07:14:33
616,threat_intel,Analytics,Upload,2025-11-27,34627,150.22,2025-02-14 07:14:33
617,user_activity,Monitoring,Auto-Generated,2025-11-15,11776,470.21,2025-09-24 07:14:33
618,firewall_events,Monitoring,Internal,2025-02-21,41330,96.23,2025-09-07 07:14:33
619,vulnerability_scan,Security,Auto-Generated,2025-04-25,27957,271.01,2025-11-02 07:14:33
620,cyber_incidents,Networking,API,2025-01-07,6499,497.37,2025-04-20 07:14:33
621,firewall_events,Monitoring,Internal,2025-09-04,5160,68.16,2025-01-25 07:14:33
622,system_health,System,Upload,2024-12-31,15858,403.47,2025-10-30 07:14:33
623,access_logs,Monitoring,External,2025-09-06,48955,415.48,2025-01-27 07:14:33
624,firewall_events,Analytics,Auto-Generated,2024-12-07,18649,267.32,2024-12-13 07:14:33
625,firewall_events,System,Auto-Generated,2025-03-11,40301,3.48,2025-03-05 07:14:33
626,firewall_events,Networking,External,2025-11-17,2981,378.62,2024-12-17 07:14:33
627,access_logs,Monitoring,Internal,2025-03-28,10276,174.77,2025-02-24 07:14:33
628,network_logs,Networking,Auto-Generated,2025-04-24,42428,88.48,2025-04-30 07:14:33
629,user_activity,Monitoring,Internal,2025-07-03,19305,130.8,2025-06-29 07:14:33
630,user_activity,System,External,2025-11-11,21469,296.46,2025-01-29 07:14:33
631,user_activity,Networking,Upload,2025-11-05,27821,181.14,2025-01-01 07:14:33
632,threat_intel,Monitoring,Internal,2025-02-18,10210,16.12,2025-09-02 07:14:33
633,access_logs,System,Upload,2024-12-19,15565,275.68,2025-11-09 07:14:33
634,threat_intel,System,API,2025-09-03,22052,410.93,2025-10-12 07:14:33
635,firewall_events,Monitoring,Auto-Generated,2025-08-14,10456,177.78,2024-12-11 07:14:33
636,user_activity,Networking,API,2025-09-05,48513,356.95,2025-02-23 07:14:33
637,system_health,Networking,Internal,2024-12-27,15238,487.57,2025-01-07 07:14:33
638,cyber_incidents,Networking,API,2025-08-29,32152,455.06,2025-08-04 07:14:33
639,firewall_events,Monitoring,External,2025-07-18,21200,136.29,2025-08-06 07:14:33
640,vulnerability_scan,Monitoring,External,2025-08-20,20125,454.82,2025-04-05 07:14:33
641,firewall_events,System,API,2025-01-08,46774,255.57,2025-02-11 07:14:33
642,network_logs,Security,Auto-Generated,2025-04-02,11103,306.28,2025-07-31 07:14:33
643,network_logs,Security,Internal,2025-08-07,37356,213.57,2025-08-11 07:14:33
644,access_logs,Networking,Upload,2025-02-21,24290,341.75,2025-07-05 07:14:33
645,vulnerability_scan,Security,Auto-Generated,2025-02-09,789,459.53,2025-05-02 07:14:33
646,threat_intel,System,External,2025-01-27,2951,457.64,2025-10-11 07:14:33
647,system_health,Monitoring,Internal,2025-03-29,40855,213.78,2025-09-18 07:14:33
648,network_logs,System,API,2025-03-22,45127,287.35,2025-05-16 07:14:33
649,system_health,Networking,Internal,2025-04-02,36503,434.35,2024-12-26 07:14:33
650,firewall_events,Analytics,Auto-Generated,2025-03-18,38663,489.47,2025-10-09 07:14:33
651,access_logs,Security,Auto-Generated,2025-07-05,30801,191.0,2025-09-27 07:14:33
652,access_logs,Monitoring,Auto-Generated,2025-06-13,45263,300.01,2025-11-18 07:14:33
653,firewall_events,Analytics,Upload,2025-10-23,25509,356.07,2025-08-26 07:14:33
654,cyber_incidents,Analytics,API,2025-05-27,48177,466.1,2024-12-30 07:14:33
655,firewall_events,Analytics,API,2025-07-07,7986,167.03,2025-12-01 07:14:33
656,access_logs,Networking,API,2025-08-18,27660,211.77,2025-10-22 07:14:33
657,access_logs,Analytics,Auto-Generated,2025-02-10,20807,174.9,2024-12-19 07:14:33
658,vulnerability_scan,Security,Upload,2025-04-11,29662,59.89,2025-02-18 07:14:33
659,system_health,Analytics,API,2025-08-19,8565,25.72,2025-08-14 07:14:33
660,vulnerability_scan,Networking,API,2025-07-17,8972,267.57,2025-01-09 07:14:33
661,network_logs,Networking,Upload,2025-10-12,29215,157.55,2025-06-25 07:14:33
662,vulnerability_scan,Analytics,Upload,2025-03-31,45521,44.35,2025-10-15 07:14:33
663,cyber_incidents,Security,Auto-Generated,2024-12-16,1866,241.7,2025-03-15 07:14:33
664,firewall_events,Security,Internal,2025-01-17,49903,91.06,2025-02-16 07:14:33
665,threat_intel,Analytics,External,2025-06-01,24316,82.1,2024-12-07 07:14:33
666,threat_intel,Networking,API,2025-01-15,16108,91.73,2025-08-14 07:14:33
667,firewall_events,Monitoring,External,2025-01-20,43704,393.82,2025-05-23 07:14:33
668,cyber_incidents,Networking,API,2025-02-03,34255,147.93,2025-01-05 07:14:33
669,cyber_incidents,Analytics,Upload,2025-09-14,24065,324.25,2025-08-19 07:14:33
670,cyber_incidents,Monitoring,API,2025-07-16,6744,108.98,2025-10-12 07:14:33
671,system_health,System,Auto-Generated,2025-01-11,32764,41.04,2025-05-13 07:14:33
672,cyber_incidents,System,Upload,2025-08-09,44482,167.54,2025-09-09 07:14:33
673,vulnerability_scan,Networking,External,2025-02-09,16526,94.22,2025-04-26 07:14:33
674,firewall_events,Analytics,Auto-Generated,2025-09-20,9550,210.55,2025-10-25 07:14:33
675,threat_intel,Security,Upload,2025-06-05,39758,347.08,2025-04-04 07:14:33
676,access_logs,System,Auto-Generated,2025-08-18,5983,448.39,2025-11-23 07:14:33
677,firewall_events,Networking,API,2025-05-29,22405,58.76,2025-08-19 07:14:33
678,user_activity,Networking,Upload,2025-03-09,3915,155.14,2025-09-21 07:14:33
679,system_health,Security,Upload,2025-01-28,13644,91.18,2025-05-07 07:14:33
680,system_health,Security,Auto-Generated,2025-06-08,40570,488.32,2025-03-03 07:14:33
681,threat_intel,Networking,API,2025-11-19,48535,225.43,2025-03-01 07:14:33
682,system_health,Networking,Auto-Generated,2024-12-14,40068,483.04,2025-04-15 07:14:33
683,cyber_incidents,Analytics,External,2025-11-24,17534,113.63,2025-04-24 07:14:33
684,user_activity,Monitoring,API,2025-08-27,6121,493.39,2025-11-17 07:14:33
685,system_health,Security,Auto-Generated,2025-08-31,42738,64.47,2025-03-27 07:14:33
686,access_logs,System,Internal,2025-04-03,1264,167.94,2025-08-05 07:14:33
687,cyber_incidents,System,Upload,2025-08-24,44588,331.15,2025-02-10 07:14:33
688,user_activity,System,External,2025-12-01,30428,236.4,2025-05-09 07:14:33
689,vulnerability_scan,Analytics,Auto-Generated,2024-12-28,23929,349.92,2025-01-06 07:14:33
690,threat_intel,Security,Internal,2025-07-26,13731,167.17,2025-04-03 07:14:33
691,threat_intel,System,API,2025-08-20,26216,201.13,2025-10-11 07:14:33
692,network_logs,Analytics,Upload,2025-08-30,17674,238.39,2025-03-29 07:14:33
693,cyber_incidents,Analytics,API,2025-11-22,24585,299.36,2025-09-28 07:14:33
694,system_health,System,External,2025-09-13,40061,471.8,2025-07-15 07:14:33
695,cyber_incidents,Networking,External,2025-10-30,11164,323.53,2025-08-29 07:14:33
696,system_health,Security,Upload,2025-11-27,27232,365.13,2025-11-12 07:14:33
697,access_logs,Analytics,Auto-Generated,2025-04-06,38026,300.49,2025-06-11 07:14:33
698,system_health,Security,API,2025-02-05,43468,409.34,2025-04-17 07:14:33
699,user_activity,Security,Internal,2024-12-13,26740,292.33,2025-09-09 07:14:33
700,user_activity,Networking,API,2025-10-04,14538,139.86,2025-08-11 07:14:33
701,network_logs,Analytics,Auto-Generated,2025-08-11,24625,443.3,2025-06-20 07:14:33
702,access_logs,Security,Internal,2025-02-15,44564,175.8,2024-12-09 07:14:33
703,network_logs,Networking,Auto-Generated,2025-02-10,10580,138.31,2025-04-25 07:14:33
704,threat_intel,Monitoring,Internal,2025-04-15,36128,309.55,2025-07-05 07:14:33
705,threat_intel,System,Auto-Generated,2025-10-03,45408,101.61,2025-08-06 07:14:33
706,vulnerability_scan,System,Internal,2025-09-25,35537,315.47,2025-12-03 07:14:33
707,threat_intel,System,API,2024-12-20,39567,222.49,2025-10-09 07:14:33
708,access_logs,Security,Internal,2025-04-06,37701,225.92,2025-05-07 07:14:33
709,threat_intel,Networking,Internal,2025-01-28,14522,33.13,2025-05-04 07:14:33
710,network_logs,System,API,2025-11-30,603,442.99,2025-03-23 07:14:33
711,network_logs,Monitoring,Auto-Generated,2025-11-27,6337,454.68,2025-01-10 07:14:33
712,access_logs,Analytics,External,2025-09-22,4843,304.65,2025-02-05 07:14:33
713,network_logs,Analytics,Internal,2025-10-27,34974,102.6,2024-12-21 07:14:33
714,threat_intel,Security,Auto-Generated,2025-10-28,11815,63.02,2025-02-10 07:14:33
715,user_activity,Security,Auto-Generated,2025-05-07,30624,343.25,2025-10-05 07:14:33
716,threat_intel,System,Internal,2025-05-12,16467,128.21,2025-03-05 07:14:33
717,vulnerability_scan,Security,API,2025-05-28,25078,310.32,2025-09-06 07:14:33
718,user_activity,Analytics,Auto-Generated,2025-02-27,18061,440.61,2025-10-24 07:14:33
719,cyber_incidents,Networking,Auto-Generated,2025-08-07,35848,236.04,2025-04-21 07:14:33
720,threat_intel,Security,Upload,2025-06-29,10743,499.83,2025-02-01 07:14:33
721,firewall_events,Monitoring,External,2025-12-05,8116,129.06,2025-02-03 07:14:33
722,cyber_incidents,Security,Internal,2025-05-06,38905,347.87,2025-02-18 07:14:33
723,cyber_incidents,System,Auto-Generated,2025-11-20,11794,179.64,2025-02-28 07:14:33
724,cyber_incidents,Networking,API,2025-02-19,251,443.8,2025-04-22 07:14:33
725,user_activity,System,Auto-Generated,2025-08-27,44226,437.23,2025-07-27 07:14:33
726,vulnerability_scan,Networking,Internal,2025-11-24,47954,332.51,2025-06-27 07:14:33
727,firewall_events,Security,External,2025-09-14,31262,26.91,2025-08-29 07:14:33
728,network_logs,Networking,Auto-Generated,2024-12-14,11738,496.13,2025-08-28 07:14:33
729,network_logs,Networking,Upload,2025-12-06,36041,409.03,2025-11-07 07:14:33
730,user_activity,Analytics,External,2025-07-16,33609,376.37,2025-09-06 07:14:33
731,network_logs,Networking,External,2025-03-20,40470,50.41,2025-06-07 07:14:33
732,user_activity,Security,API,2025-01-22,27356,136.86,2025-01-14 07:14:33
733,threat_intel,Networking,Upload,2025-07-23,15821,482.42,2025-12-04 07:14:33
734,user_activity,Analytics,External,2025-06-02,1436,76.07,2025-02-01 07:14:33
735,threat_intel,Networking,Upload,2025-03-19,22315,394.8,2025-08-17 07:14:33
736,access_logs,System,Internal,2025-11-30,14709,197.93,2025-09-02 07:14:33
737,access_logs,Security,API,2025-09-25,8831,185.18,2025-07-04 07:14:33
738,firewall_events,System,Upload,2025-12-07,43617,385.84,2025-01-13 07:14:33
739,cyber_incidents,Security,API,2025-01-09,1948,303.89,2025-04-27 07:14:33
740,network_logs,System,Auto-Generated,2025-10-15,23851,416.95,2025-03-02 07:14:33
741,cyber_incidents,Security,Auto-Generated,2025-06-16,44054,429.53,2025-04-02 07:14:33
742,vulnerability_scan,Monitoring,Auto-Generated,2025-09-12,26395,249.81,2025-02-26 07:14:33
743,threat_intel,Security,External,2025-11-27,26003,106.29,2025-11-19 07:14:33
744,network_logs,Security,Auto-Generated,2025-08-15,35980,257.21,2025-08-11 07:14:33
745,network_logs,Analytics,Auto-Generated,2025-08-27,47430,394.63,2025-04-19 07:14:33
746,firewall_events,Security,Internal,2025-05-07,14032,328.9,2025-04-23 07:14:33
747,firewall_events,Security,Internal,2024-12-16,18896,413.95,2025-11-01 07:14:33
748,access_logs,Monitoring,External,2025-09-06,43055,343.56,2025-02-14 07:14:33
749,cyber_incidents,System,Upload,2025-11-02,32438,325.2,2025-10-05 07:14:33
750,cyber_incidents,Monitoring,API,2025-08-09,49237,43.19,2024-12-10 07:14:33
751,threat_intel,Monitoring,Auto-Generated,2025-06-26,7713,126.6,2025-06-20 07:14:33
752,firewall_events,Security,Auto-Generated,2025-06-11,42901,396.51,2025-07-28 07:14:33
753,access_logs,Security,Auto-Generated,2025-07-18,17431,186.12,2024-12-27 07:14:33
754,system_health,Networking,External,2024-12-24,30130,430.77,2025-11-13 07:14:33
755,firewall_events,Networking,External,2024-12-20,34496,442.44,2025-10-14 07:14:33
756,access_logs,Security,Internal,2025-06-13,23288,408.76,2025-02-03 07:14:33
757,user_activity,System,Internal,2025-09-18,33054,204.23,2025-04-27 07:14:33
758,access_logs,Security,API,2025-12-01,14961,34.36,2024-12-08 07:14:33
759,threat_intel,Analytics,API,2024-12-27,28766,82.59,2025-07-31 07:14:33
760,system_health,Analytics,Internal,2025-11-09,21280,111.63,2025-07-28 07:14:33
761,threat_intel,Security,Upload,2025-03-02,26225,330.97,2025-11-14 07:14:33
762,network_logs,Monitoring,API,2025-09-21,12407,209.2,2025-02-11 07:14:33
763,firewall_events,Networking,Internal,2025-01-22,24159,28.09,2025-01-16 07:14:33
764,user_activity,Networking,API,2025-09-30,15564,51.92,2025-06-26 07:14:33
765,vulnerability_scan,Analytics,Auto-Generated,2025-10-14,39044,299.74,2025-02-06 07:14:33
766,system_health,Monitoring,API,2025-04-13,10050,371.56,2025-04-13 07:14:33
767,access_logs,Monitoring,Internal,2025-07-05,45619,316.05,2025-10-19 07:14:33
768,firewall_events,Networking,Auto-Generated,2025-07-06,18585,159.16,2025-08-28 07:14:33
769,access_logs,Monitoring,Auto-Generated,2025-08-24,24940,101.63,2025-05-15 07:14:33
770,cyber_incidents,Networking,Auto-Generated,2025-05-16,43791,142.24,2025-02-15 07:14:33
771,system_health,Monitoring,External,2025-03-10,39416,259.84,2025-06-22 07:14:33
772,cyber_incidents,Analytics,External,2025-09-06,40313,429.93,2025-07-19 07:14:33
773,cyber_incidents,System,Upload,2025-06-06,5003,97.79,2025-06-10 07:14:33
774,access_logs,System,Internal,2025-03-31,8406,429.3,2025-08-18 07:14:33
775,user_activity,Analytics,Upload,2025-08-22,34161,330.82,2025-04-06 07:14:33
776,network_logs,Networking,External,2025-11-07,33086,396.61,2025-09-11 07:14:33
777,firewall_events,Monitoring,Internal,2025-10-15,3435,440.55,2025-11-18 07:14:33
778,access_logs,Analytics,API,2025-02-19,29536,430.43,2025-12-03 07:14:33
779,threat_intel,Monitoring,External,2025-08-18,10191,52.95,2024-12-24 07:14:33
780,vulnerability_scan,Monitoring,Upload,2025-03-12,12704,132.13,2025-05-13 07:14:33
781,access_logs,Security,External,2025-03-03,37377,43.67,2025-03-14 07:14:33
782,threat_intel,Monitoring,Internal,2025-08-25,17263,20.2,2025-06-20 07:14:33
783,vulnerability_scan,Monitoring,Internal,2025-11-12,39522,29.49,2024-12-20 07:14:33
784,system_health,Monitoring,API,2024-12-15,4336,475.41,2024-12-25 07:14:33
785,system_health,System,External,2025-05-23,38886,421.81,2025-05-30 07:14:33
786,access_logs,System,Auto-Generated,2025-01-30,36945,372.7,2025-06-26 07:14:33
787,threat_intel,Monitoring,API,2025-03-13,10372,379.19,2024-12-27 07:14:33
788,user_activity,Networking,Upload,2025-10-31,3198,156.89,2025-07-05 07:14:33
789,system_health,Security,Auto-Generated,2025-03-20,42799,463.33,2025-08-30 07:14:33
790,threat_intel,Networking,API,2025-01-07,32040,106.28,2025-07-25 07:14:33
791,access_logs,Analytics,API,2025-11-17,33899,73.01,2025-06-28 07:14:33
792,threat_intel,Security,Upload,2025-04-18,12988,417.04,2025-06-17 07:14:33
793,user_activity,Networking,External,2025-09-07,6253,273.94,2025-06-14 07:14:33
794,user_activity,Security,Auto-Generated,2025-12-04,38100,471.96,2025-10-19 07:14:33
795,vulnerability_scan,Monitoring,Upload,2024-12-16,49710,250.2,2025-08-13 07:14:33
796,cyber_incidents,Security,Internal,2025-05-23,13920,194.89,2025-10-24 07:14:33
797,threat_intel,Analytics,Upload,2025-02-02,3525,282.9,2025-11-04 07:14:33
798,firewall_events,Analytics,Auto-Generated,2025-01-21,5530,70.18,2025-04-22 07:14:33
799,cyber_incidents,System,Auto-Generated,2025-08-04,1601,293.52,2025-03-02 07:14:33
800,cyber_incidents,Analytics,API,2025-02-05,8857,349.95,2025-06-24 07:14:33
801,cyber_incidents,Analytics,External,2025-11-25,45697,170.67,2025-07-22 07:14:33
802,vulnerability_scan,Security,Internal,2025-08-10,34180,479.62,2025-08-09 07:14:33
803,firewall_events,Monitoring,Internal,2025-02-21,12467,180.48,2025-06-22 07:14:33
804,cyber_incidents,Networking,Internal,2025-10-11,39886,199.36,2025-01-28 07:14:33
805,system_health,Analytics,Internal,2025-10-07,28554,123.21,2025-02-06 07:14:33
806,user_activity,Analytics,API,2025-05-03,13797,446.53,2025-01-30 07:14:33
807,vulnerability_scan,Networking,Upload,2025-01-13,12945,447.25,2025-09-27 07:14:33
808,cyber_incidents,Monitoring,Internal,2025-09-13,17763,166.09,2025-07-01 07:14:33
809,firewall_events,System,External,2024-12-09,36617,109.92,2025-06-26 07:14:33
810,user_activity,Security,Upload,2025-01-18,36280,11.21,2025-02-21 07:14:33
811,system_health,Security,External,2025-08-19,44742,41.63,2025-07-09 07:14:33
812,system_health,System,External,2025-03-23,3080,201.72,2025-06-02 07:14:33
813,vulnerability_scan,System,API,2025-01-22,42516,27.6,2025-10-11 07:14:33
814,system_health,Security,Upload,2025-02-13,17744,248.07,2025-08-29 07:14:33
815,system_health,Security,Upload,2025-04-14,12325,21.96,2025-02-02 07:14:33
816,threat_intel,Security,External,2025-10-20,40937,254.36,2025-08-21 07:14:33
817,vulnerability_scan,Monitoring,API,2025-02-23,47728,445.64,2025-05-10 07:14:33
818,vulnerability_scan,Networking,Internal,2025-05-08,25852,367.49,2025-07-17 07:14:33
819,firewall_events,Monitoring,Internal,2025-06-17,18163,398.56,2025-02-17 07:14:33
820,system_health,Monitoring,Internal,2025-03-27,34902,127.39,2024-12-31 07:14:33
821,firewall_events,System,Internal,2025-08-03,39967,118.35,2025-01-27 07:14:33
822,network_logs,Analytics,Upload,2025-08-16,30392,277.77,2025-08-19 07:14:33
823,network_logs,System,External,2025-10-11,35128,450.73,2024-12-19 07:14:33
824,network_logs,System,Upload,2025-10-18,1572,238.68,2024-12-17 07:14:33
825,threat_intel,Security,Upload,2025-11-25,9673,358.17,2024-12-22 07:14:33
826,vulnerability_scan,Analytics,External,2025-05-25,29043,52.68,2025-11-16 07:14:33
827,system_health,Networking,Internal,2025-01-02,31251,201.57,2025-04-09 07:14:33
828,threat_intel,Security,API,2025-01-18,43899,332.69,2025-06-12 07:14:33
829,vulnerability_scan,Networking,Auto-Generated,2025-04-06,6505,258.12,2025-02-24 07:14:33
830,network_logs,Analytics,Upload,2025-07-13,30704,90.98,2025-01-04 07:14:33
831,threat_intel,Monitoring,Auto-Generated,2025-02-19,18534,69.51,2025-03-03 07:14:33
832,cyber_incidents,Analytics,External,2025-04-03,4194,281.84,2025-03-09 07:14:33
833,system_health,Analytics,External,2025-08-30,17952,4.95,2024-12-15 07:14:33
834,cyber_incidents,Security,API,2025-05-09,14045,275.5,2025-07-22 07:14:33
835,network_logs,Monitoring,Internal,2025-12-03,3093,423.8,2025-06-10 07:14:33
836,vulnerability_scan,System,API,2024-12-24,44026,289.25,2025-09-02 07:14:33
837,vulnerability_scan,Security,Upload,2025-04-21,18855,99.88,2025-05-27 07:14:33
838,access_logs,Networking,Internal,2025-06-26,43063,257.55,2025-07-04 07:14:33
839,system_health,System,Upload,2025-03-02,29747,172.61,2024-12-19 07:14:33
840,user_activity,Analytics,External,2025-11-01,33730,36.56,2025-02-20 07:14:33
841,access_logs,Security,API,2025-04-24,132,416.49,2025-04-21 07:14:33
842,user_activity,Networking,External,2025-02-10,10536,135.26,2024-12-18 07:14:33
843,threat_intel,Monitoring,External,2025-11-19,32147,269.41,2025-04-14 07:14:33
844,network_logs,System,API,2025-07-20,33094,154.77,2025-01-31 07:14:33
845,system_health,Analytics,External,2025-08-30,9476,446.76,2024-12-27 07:14:33
846,threat_intel,Security,External,2025-09-30,34738,149.53,2025-11-29 07:14:33
847,threat_intel,Networking,Upload,2025-05-09,11701,256.97,2025-09-03 07:14:33
848,vulnerability_scan,Security,Internal,2025-01-28,30359,434.4,2025-10-17 07:14:33
849,vulnerability_scan,System,Upload,2024-12-21,20994,233.76,2025-06-22 07:14:33
850,vulnerability_scan,Monitoring,API,2025-04-18,27874,101.32,2024-12-23 07:14:33
851,cyber_incidents,Security,Auto-Generated,2025-11-06,10793,189.24,2025-01-28 07:14:33
852,system_health,Networking,External,2025-04-05,20367,413.86,2024-12-16 07:14:33
853,access_logs,Analytics,External,2025-09-09,4713,279.53,2025-06-07 07:14:33
854,system_health,Monitoring,Auto-Generated,2025-06-02,21275,273.67,2025-06-05 07:14:33
855,user_activity,Security,Upload,2025-07-08,7071,145.16,2025-07-08 07:14:33
856,cyber_incidents,Monitoring,Internal,2025-11-25,5631,97.57,2025-11-07 07:14:33
857,threat_intel,Monitoring,External,2025-09-21,16368,15.42,2025-05-16 07:14:33
858,network_logs,Analytics,Auto-Generated,2025-06-28,4897,5.97,2025-02-17 07:14:33
859,network_logs,Networking,Internal,2025-01-06,23978,469.17,2025-03-10 07:14:33
860,network_logs,Analytics,API,2025-03-05,23188,13.34,2025-11-15 07:14:33
861,user_activity,Networking,External,2025-11-05,30621,419.84,2025-06-09 07:14:33
862,vulnerability_scan,System,Auto-Generated,2024-12-30,4256,302.52,2025-02-11 07:14:33
863,network_logs,System,API,2025-06-26,12321,330.58,2025-02-17 07:14:33
864,network_logs,System,External,2025-02-12,9032,348.02,2025-10-19 07:14:33
865,cyber_incidents,Monitoring,Upload,2025-09-15,14418,177.84,2025-10-08 07:14:33
866,firewall_events,Monitoring,Auto-Generated,2025-10-01,44753,323.75,2025-01-10 07:14:33
867,network_logs,Monitoring,Auto-Generated,2025-05-02,13078,335.14,2025-06-30 07:14:33
868,vulnerability_scan,Monitoring,Internal,2025-01-31,38759,349.65,2025-11-02 07:14:33
869,system_health,Networking,Auto-Generated,2025-02-20,6657,2.72,2025-09-22 07:14:33
870,threat_intel,System,Upload,2025-03-13,13698,2.84,2025-01-03 07:14:33
871,cyber_incidents,System,Auto-Generated,2025-08-25,47076,395.65,2025-11-01 07:14:33
872,cyber_incidents,Security,External,2025-03-31,6873,217.39,2025-01-02 07:14:33
873,user_activity,Networking,Internal,2025-10-22,4322,118.44,2025-03-22 07:14:33
874,network_logs,System,API,2025-01-30,42600,442.94,2025-11-21 07:14:33
875,system_health,System,Auto-Generated,2025-06-07,45772,396.39,2025-07-10 07:14:33
876,user_activity,Security,External,2025-01-21,2039,185.72,2025-02-03 07:14:33
877,network_logs,Networking,Auto-Generated,2025-03-10,22337,145.4,2025-02-05 07:14:33
878,cyber_incidents,Networking,Upload,2025-05-04,8166,391.54,2025-05-02 07:14:33
879,cyber_incidents,System,Internal,2025-12-01,27300,132.84,2025-08-15 07:14:33
880,access_logs,System,Upload,2025-11-19,27572,397.27,2025-04-12 07:14:33
881,system_health,Networking,External,2025-11-09,42216,373.92,2025-08-18 07:14:33
882,threat_intel,Analytics,Internal,2025-08-04,39750,98.92,2024-12-14 07:14:33
883,access_logs,System,Upload,2025-07-24,16172,102.44,2025-09-07 07:14:33
884,cyber_incidents,Monitoring,Upload,2025-06-25,24715,353.46,2025-08-06 07:14:33
885,network_logs,Networking,Auto-Generated,2025-09-01,27033,41.8,2025-06-14 07:14:33
886,vulnerability_scan,Security,API,2025-11-01,13946,362.43,2025-08-29 07:14:33
887,user_activity,Networking,API,2025-10-31,38756,435.02,2025-03-30 07:14:33
888,system_health,Security,Upload,2025-05-02,42165,267.23,2025-07-31 07:14:33
889,access_logs,System,API,2025-10-19,4321,147.13,2025-04-30 07:14:33
890,network_logs,Networking,Internal,2025-06-09,47619,419.03,2025-10-03 07:14:33
891,system_health,System,Upload,2025-06-07,15483,336.88,2025-08-11 07:14:33
892,network_logs,Networking,Internal,2025-06-23,45851,348.69,2025-03-04 07:14:33
893,cyber_incidents,Security,External,2025-04-24,7808,237.01,2025-09-24 07:14:33
894,network_logs,Networking,Auto-Generated,2025-02-08,15752,160.28,2025-03-26 07:14:33
895,user_activity,Monitoring,External,2025-02-01,23158,27.84,2025-01-31 07:14:33
896,user_activity,Monitoring,API,2025-10-29,10582,21.34,2025-01-10 07:14:33
897,firewall_events,Security,API,2025-06-13,20161,493.18,2025-07-06 07:14:33
898,cyber_incidents,Security,External,2025-09-14,5367,322.51,2024-12-19 07:14:33
899,threat_intel,Security,Upload,2025-02-21,434,167.71,2025-03-13 07:14:33
900,network_logs,System,Internal,2025-08-21,43436,283.41,2025-03-04 07:14:33
901,access_logs,Monitoring,Upload,2025-01-18,24994,307.7,2025-01-30 07:14:33
902,system_health,Monitoring,Upload,2025-01-06,42494,261.51,2025-04-28 07:14:33
903,system_health,Analytics,Upload,2025-04-10,31549,61.6,2025-11-11 07:14:33
904,vulnerability_scan,Security,External,2025-02-24,6554,315.25,2025-01-11 07:14:33
905,user_activity,System,API,2025-11-22,13347,466.0,2025-01-24 07:14:33
906,network_logs,Security,Upload,2025-12-03,3819,292.28,2025-09-23 07:14:33
907,cyber_incidents,Monitoring,External,2025-07-11,17367,89.79,2025-08-25 07:14:33
908,user_activity,Analytics,API,2025-05-28,22017,160.07,2025-05-09 07:14:33
909,vulnerability_scan,Analytics,External,2025-08-01,9388,407.13,2025-06-22 07:14:33
910,threat_intel,Analytics,Auto-Generated,2024-12-19,16844,443.13,2025-04-07 07:14:33
911,cyber_incidents,System,Internal,2025-07-09,34234,182.08,2025-05-23 07:14:33
912,network_logs,System,Internal,2025-06-26,9521,173.96,2025-08-09 07:14:33
913,access_logs,Security,Internal,2025-06-27,5685,439.46,2025-02-26 07:14:33
914,firewall_events,Security,API,2025-02-13,27130,272.9,2025-02-18 07:14:33
915,access_logs,Analytics,Auto-Generated,2025-05-03,15635,171.22,2025-06-20 07:14:33
916,threat_intel,Networking,Upload,2024-12-28,49182,377.32,2025-10-20 07:14:33
917,vulnerability_scan,Security,Auto-Generated,2025-04-07,31511,193.84,2025-10-21 07:14:33
918,network_logs,Networking,Internal,2025-08-05,27944,468.32,2025-07-02 07:14:33
919,system_health,System,Internal,2024-12-08,18565,94.44,2025-05-17 07:14:33
920,firewall_events,Analytics,Auto-Generated,2025-07-03,30413,441.74,2025-06-04 07:14:33
921,access_logs,System,Internal,2025-11-27,43949,236.28,2025-01-07 07:14:33
922,vulnerability_scan,Security,External,2025-08-30,23494,404.86,2025-03-28 07:14:33
923,user_activity,Monitoring,External,2025-11-30,4304,316.91,2025-09-30 07:14:33
924,access_logs,Monitoring,Internal,2025-08-27,20935,350.21,2025-07-01 07:14:33
925,firewall_events,Monitoring,External,2025-06-17,24708,300.94,2025-03-13 07:14:33
926,firewall_events,Monitoring,External,2025-02-21,43549,220.28,2025-08-10 07:14:33
927,access_logs,Networking,Upload,2025-07-02,29720,428.09,2025-03-12 07:14:33
928,system_health,Security,Internal,2025-03-11,36081,60.02,2025-09-03 07:14:33
929,user_activity,Analytics,API,2025-04-12,39071,153.22,2025-03-09 07:14:33
930,threat_intel,Networking,Upload,2025-07-17,40320,489.74,2024-12-10 07:14:33
931,user_activity,Networking,Internal,2025-08-26,18917,442.25,2025-11-17 07:14:33
932,user_activity,Networking,Auto-Generated,2025-10-11,46852,143.54,2025-03-11 07:14:33
933,vulnerability_scan,Monitoring,Internal,2025-10-12,9219,277.39,2025-03-03 07:14:33
934,network_logs,Analytics,Upload,2025-10-19,40343,343.81,2025-10-16 07:14:33
935,firewall_events,Security,API,2025-01-24,16518,273.13,2024-12-08 07:14:33
936,firewall_events,Monitoring,Upload,2025-01-03,2385,171.54,2025-01-24 07:14:33
937,network_logs,Security,API,2025-06-07,18605,482.48,2025-09-23 07:14:33
938,network_logs,Networking,API,2025-05-15,16705,47.92,2025-05-10 07:14:33
939,user_activity,Analytics,Auto-Generated,2025-09-02,26926,289.89,2025-08-22 07:14:33
940,access_logs,Analytics,Internal,2025-03-22,12162,228.03,2025-06-24 07:14:33
941,threat_intel,Analytics,Internal,2025-09-10,31657,414.15,2025-11-24 07:14:33
942,cyber_incidents,Networking,External,2025-02-22,16709,318.61,2025-09-03 07:14:33
943,system_health,Monitoring,External,2025-10-19,47277,322.65,2025-08-02 07:14:33
944,system_health,Security,API,2025-07-24,34102,420.25,2025-11-20 07:14:33
945,system_health,Security,API,2025-01-06,45868,352.26,2025-09-23 07:14:33
946,threat_intel,Networking,Upload,2025-01-27,32857,152.38,2025-07-19 07:14:33
947,vulnerability_scan,Analytics,External,2025-04-26,27923,488.65,2025-05-15 07:14:33
948,cyber_incidents,Monitoring,Internal,2025-09-18,37625,360.07,2025-06-16 07:14:33
949,threat_intel,Monitoring,API,2025-06-25,42656,247.77,2025-07-26 07:14:33
950,user_activity,Monitoring,Auto-Generated,2025-03-22,19582,154.81,2025-05-16 07:14:33
951,firewall_events,Networking,Upload,2025-09-30,34637,141.64,2025-04-16 07:14:33
952,cyber_incidents,Networking,API,2025-08-02,26694,393.2,2025-03-23 07:14:33
953,user_activity,Networking,External,2025-02-25,28410,91.5,2025-02-25 07:14:33
954,firewall_events,Networking,API,2025-03-23,2989,15.56,2024-12-19 07:14:33
955,network_logs,Monitoring,Upload,2025-12-03,24497,136.34,2025-05-15 07:14:33
956,firewall_events,Security,Internal,2025-03-20,35210,76.87,2025-10-12 07:14:33
957,vulnerability_scan,Analytics,Auto-Generated,2025-06-09,11899,342.3,2025-08-25 07:14:33
958,threat_intel,Analytics,Auto-Generated,2025-11-09,39658,53.02,2025-04-09 07:14:33
959,threat_intel,System,Auto-Generated,2025-11-26,22641,174.1,2025-08-05 07:14:33
960,cyber_incidents,Monitoring,Upload,2025-12-01,45786,365.1,2025-04-07 07:14:33
961,threat_intel,System,Auto-Generated,2025-03-22,22599,386.75,2025-12-07 07:14:33
962,user_activity,Analytics,Internal,2025-04-06,12548,180.69,2025-07-08 07:14:33
963,cyber_incidents,Security,External,2024-12-15,34905,424.12,2025-01-21 07:14:33
964,user_activity,Security,API,2025-01-09,12479,183.6,2025-08-03 07:14:33
965,user_activity,Monitoring,API,2025-05-14,47465,144.63,2025-06-20 07:14:33
966,cyber_incidents,Analytics,Upload,2025-01-19,35551,442.54,2025-05-15 07:14:33
967,user_activity,Analytics,External,2025-01-16,47519,305.37,2025-11-11 07:14:33
968,cyber_incidents,Monitoring,Auto-Generated,2025-08-29,4459,93.62,2025-05-24 07:14:33
969,access_logs,Networking,Auto-Generated,2025-11-19,28164,147.88,2025-02-18 07:14:33
970,user_activity,Analytics,Internal,2025-02-24,3517,269.37,2025-09-07 07:14:33
971,vulnerability_scan,Monitoring,Auto-Generated,2025-04-15,37540,185.92,2025-02-11 07:14:33
972,threat_intel,Monitoring,External,2025-07-04,17528,289.59,2025-08-16 07:14:33
973,network_logs,Monitoring,Auto-Generated,2025-01-23,24748,336.28,2025-06-05 07:14:33
974,firewall_events,Security,External,2025-06-17,13078,423.94,2025-02-12 07:14:33
975,firewall_events,Monitoring,API,2025-01-19,25848,367.88,2025-05-16 07:14:33
976,vulnerability_scan,Security,API,2025-11-06,42861,397.98,2025-05-05 07:14:33
977,system_health,Networking,API,2025-07-19,16802,451.11,2024-12-25 07:14:33
978,network_logs,Security,Upload,2025-08-02,39756,191.78,2025-07-23 07:14:33
979,threat_intel,System,Upload,2025-11-04,13899,246.38,2025-11-17 07:14:33
980,vulnerability_scan,Networking,External,2025-09-27,20166,327.33,2025-01-22 07:14:33
981,vulnerability_scan,Networking,Auto-Generated,2025-09-08,28025,350.34,2025-06-26 07:14:33
982,system_health,System,API,2025-03-12,47348,312.0,2025-06-22 07:14:33
983,system_health,Security,Auto-Generated,2025-05-23,13589,272.27,2025-04-08 07:14:33
984,network_logs,Analytics,API,2025-11-26,27261,199.93,2025-01-06 07:14:33
985,firewall_events,Monitoring,External,2025-06-13,32412,174.68,2025-11-20 07:14:33
986,cyber_incidents,Security,API,2025-10-03,27385,110.17,2024-12-08 07:14:33
987,user_activity,Monitoring,API,2025-10-05,15872,74.08,2025-10-01 07:14:33
988,cyber_incidents,Analytics,Upload,2025-01-24,5470,412.19,2025-08-02 07:14:33
989,access_logs,System,External,2025-06-19,35514,375.48,2025-06-03 07:14:33
990,network_logs,System,Upload,2025-11-20,43016,18.8,2025-08-30 07:14:33
991,vulnerability_scan,Monitoring,Upload,2025-07-22,12846,17.06,2025-06-28 07:14:33
992,access_logs,Analytics,Internal,2025-06-29,19599,184.79,2025-08-31 07:14:33
993,cyber_incidents,System,API,2025-03-19,22715,66.5,2025-10-21 07:14:33
994,system_health,System,Upload,2025-04-29,1913,27.61,2025-03-13 07:14:33
995,network_logs,Monitoring,External,2025-09-15,11229,61.16,2025-02-14 07:14:33
996,cyber_incidents,Networking,External,2025-11-20,45997,347.74,2025-02-09 07:14:33
997,system_health,Monitoring,Upload,2025-08-30,2154,472.46,2025-05-15 07:14:33
998,vulnerability_scan,Monitoring,API,2024-12-23,41897,274.09,2025-02-11 07:14:33
999,user_activity,Analytics,External,2025-06-29,18390,494.69,2025-05-29 07:14:33
1000,firewall_events,Analytics,Auto-Generated,2025-07-13,8433,69.15,2025-07-15 07:14:33
