id,title,priority,status,created_date
1,VPN Access Request,medium,resolved,2023-12-02
2,Printer Not Responding,low,open,2023-06-13
3,Password Reset,low,closed,2024-03-10
4,Slow Computer Performance,urgent,on hold,2023-06-10
5,Slow Computer Performance,low,in progress,2022-05-13
6,Software Installation,medium,closed,2023-09-11
7,Account Lockout,medium,resolved,2023-07-22
8,Printer Not Responding,high,open,2023-12-29
9,Printer Not Responding,high,resolved,2024-03-04
10,Software Installation,urgent,open,2022-09-19
11,System Crash,medium,closed,2024-11-05
12,Printer Not Responding,high,closed,2023-07-27
13,VPN Access Request,urgent,in progress,2024-04-28
14,Email Not Working,high,on hold,2023-05-23
15,VPN Access Request,medium,closed,2023-08-31
16,Network Connectivity Issue,high,open,2023-12-14
17,Network Connectivity Issue,medium,in progress,2024-01-24
18,Access Denied Error,urgent,resolved,2023-09-20
19,Access Denied Error,low,in progress,2023-04-10
20,Password Reset,high,on hold,2022-04-17
21,Email Not Working,urgent,closed,2022-09-05
22,Printer Not Responding,medium,on hold,2022-01-01
23,Email Not Working,high,resolved,2022-03-16
24,Password Reset,medium,closed,2024-08-28
25,Printer Not Responding,high,open,2023-11-23
26,Printer Not Responding,high,in progress,2024-12-22
27,Slow Computer Performance,urgent,open,2024-12-01
28,Software Installation,urgent,on hold,2023-01-11
29,Access Denied Error,urgent,resolved,2023-11-30
30,System Crash,medium,open,2024-07-24
31,Email Not Working,urgent,resolved,2024-10-13
32,Software Installation,urgent,in progress,2022-01-23
33,Software Installation,low,open,2023-12-08
34,VPN Access Request,medium,in progress,2024-05-09
35,VPN Access Request,urgent,closed,2023-01-24
36,Network Connectivity Issue,medium,closed,2023-09-11
37,Slow Computer Performance,urgent,closed,2022-12-28
38,Access Denied Error,medium,closed,2023-10-21
39,Password Reset,high,open,2023-02-05
40,Software Installation,low,on hold,2024-09-06
41,Access Denied Error,high,on hold,2022-07-01
42,System Crash,low,resolved,2023-03-29
43,Email Not Working,urgent,on hold,2022-06-03
44,VPN Access Request,low,closed,2024-01-25
45,Password Reset,urgent,open,2024-05-13
46,Software Installation,high,open,2024-04-11
47,Password Reset,low,closed,2024-10-02
48,System Crash,low,in progress,2023-02-05
49,Access Denied Error,medium,closed,2023-09-10
50,Software Installation,low,on hold,2022-11-06
51,Password Reset,low,closed,2022-08-31
52,Access Denied Error,high,closed,2023-07-16
53,Access Denied Error,urgent,open,2024-02-11
54,VPN Access Request,low,resolved,2022-09-10
55,System Crash,low,in progress,2023-09-19
56,Network Connectivity Issue,medium,open,2023-06-26
57,Printer Not Responding,low,resolved,2022-01-27
58,VPN Access Request,high,resolved,2023-09-14
59,Network Connectivity Issue,urgent,open,2022-03-08
60,Password Reset,medium,on hold,2022-08-08
61,Account Lockout,low,closed,2023-06-08
62,Email Not Working,medium,in progress,2022-10-01
63,Email Not Working,low,in progress,2022-01-19
64,Password Reset,high,on hold,2024-07-12
65,Network Connectivity Issue,high,closed,2022-05-30
66,VPN Access Request,medium,open,2022-09-06
67,Account Lockout,high,open,2023-03-01
68,Printer Not Responding,low,closed,2022-11-25
69,Software Installation,urgent,closed,2024-09-01
70,Password Reset,high,resolved,2022-12-03
71,Password Reset,high,open,2022-05-30
72,Account Lockout,urgent,resolved,2022-09-27
73,Network Connectivity Issue,medium,closed,2022-04-07
74,Software Installation,high,resolved,2024-09-01
75,Slow Computer Performance,urgent,on hold,2024-11-06
76,System Crash,medium,resolved,2022-08-14
77,VPN Access Request,urgent,resolved,2023-05-06
78,VPN Access Request,medium,resolved,2024-12-20
79,Account Lockout,urgent,resolved,2023-07-03
80,Slow Computer Performance,medium,closed,2022-09-23
81,Account Lockout,medium,in progress,2022-07-09
82,Account Lockout,high,resolved,2024-07-29
83,Password Reset,high,open,2024-09-09
84,Account Lockout,low,resolved,2023-06-25
85,Network Connectivity Issue,urgent,resolved,2022-07-13
86,Email Not Working,low,resolved,2023-10-20
87,Account Lockout,high,closed,2022-11-25
88,Printer Not Responding,urgent,in progress,2023-02-27
89,Account Lockout,urgent,in progress,2022-02-07
90,Software Installation,low,resolved,2023-02-24
91,VPN Access Request,low,open,2024-02-28
92,Account Lockout,high,resolved,2023-01-26
93,System Crash,high,open,2024-07-13
94,VPN Access Request,high,resolved,2023-04-01
95,VPN Access Request,high,in progress,2022-04-01
96,Password Reset,low,resolved,2023-05-21
97,Printer Not Responding,urgent,in progress,2022-10-20
98,Slow Computer Performance,high,resolved,2022-10-26
99,Network Connectivity Issue,urgent,in progress,2023-08-01
100,Slow Computer Performance,high,open,2024-02-18
101,System Crash,urgent,resolved,2022-02-06
102,Email Not Working,urgent,in progress,2024-11-18
103,Printer Not Responding,high,open,2022-09-01
104,Password Reset,urgent,closed,2022-11-09
105,Network Connectivity Issue,medium,resolved,2024-10-18
106,Access Denied Error,urgent,open,2023-04-04
107,Password Reset,low,on hold,2023-09-04
108,VPN Access Request,high,on hold,2024-07-16
109,Account Lockout,urgent,resolved,2024-05-23
110,Network Connectivity Issue,low,in progress,2024-04-17
111,Password Reset,urgent,in progress,2024-03-02
112,Account Lockout,medium,open,2024-04-19
113,Password Reset,low,resolved,2022-01-22
114,Password Reset,low,resolved,2023-04-05
115,Access Denied Error,low,closed,2023-04-13
116,Password Reset,high,closed,2023-03-23
117,System Crash,low,closed,2024-10-23
118,Software Installation,low,on hold,2024-03-25
119,Access Denied Error,low,on hold,2023-08-22
120,System Crash,medium,on hold,2023-09-13
121,VPN Access Request,low,in progress,2022-02-28
122,Slow Computer Performance,urgent,on hold,2022-01-19
123,Software Installation,low,open,2024-11-24
124,Software Installation,high,closed,2023-02-14
125,Password Reset,low,resolved,2024-04-26
126,Email Not Working,urgent,resolved,2022-10-26
127,VPN Access Request,medium,on hold,2022-09-09
128,Network Connectivity Issue,high,resolved,2022-04-08
129,System Crash,urgent,closed,2022-07-01
130,Software Installation,medium,on hold,2023-05-05
131,Access Denied Error,medium,in progress,2023-05-06
132,System Crash,medium,on hold,2023-08-10
133,Access Denied Error,medium,open,2024-06-22
134,Slow Computer Performance,medium,in progress,2024-11-11
135,Network Connectivity Issue,low,open,2022-02-02
136,Printer Not Responding,urgent,on hold,2022-01-07
137,Email Not Working,high,on hold,2024-01-14
138,Password Reset,medium,on hold,2022-11-28
139,Password Reset,urgent,open,2022-07-14
140,Password Reset,medium,in progress,2022-12-08
141,Email Not Working,low,resolved,2023-03-05
142,Email Not Working,low,on hold,2024-02-14
143,Printer Not Responding,low,resolved,2024-08-01
144,Network Connectivity Issue,urgent,in progress,2024-02-03
145,Software Installation,high,resolved,2022-09-09
146,System Crash,urgent,resolved,2024-03-04
147,Printer Not Responding,urgent,closed,2024-10-01
148,Password Reset,medium,resolved,2024-07-05
149,System Crash,urgent,on hold,2022-12-26
150,Password Reset,low,in progress,2024-08-02
151,System Crash,urgent,on hold,2022-05-06
152,Software Installation,high,open,2024-03-04
153,Email Not Working,medium,on hold,2022-07-29
154,VPN Access Request,urgent,on hold,2022-08-16
155,Slow Computer Performance,high,on hold,2022-06-07
156,Network Connectivity Issue,high,closed,2023-08-08
157,Access Denied Error,urgent,resolved,2023-01-18
158,Account Lockout,urgent,resolved,2024-11-20
159,Slow Computer Performance,urgent,closed,2023-08-02
160,Software Installation,medium,on hold,2023-09-26
161,Password Reset,medium,resolved,2024-05-29
162,Printer Not Responding,low,resolved,2024-05-23
163,Email Not Working,low,on hold,2023-04-15
164,System Crash,medium,open,2023-02-15
165,Password Reset,high,in progress,2022-09-13
166,Printer Not Responding,low,open,2024-12-12
167,Password Reset,urgent,closed,2023-03-03
168,Printer Not Responding,urgent,resolved,2022-10-09
169,Printer Not Responding,high,on hold,2023-04-02
170,Password Reset,low,closed,2024-03-05
171,Email Not Working,medium,on hold,2024-12-13
172,System Crash,high,closed,2023-01-02
173,Email Not Working,high,in progress,2024-08-02
174,Email Not Working,urgent,open,2023-05-10
175,Access Denied Error,urgent,on hold,2024-01-11
176,Slow Computer Performance,low,on hold,2023-11-28
177,System Crash,medium,closed,2022-07-07
178,Password Reset,low,open,2022-07-12
179,Network Connectivity Issue,low,open,2024-07-09
180,VPN Access Request,low,open,2024-09-26
181,Access Denied Error,low,closed,2023-04-12
182,System Crash,high,on hold,2024-09-29
183,System Crash,high,on hold,2022-11-16
184,Password Reset,urgent,closed,2022-09-01
185,Printer Not Responding,medium,closed,2024-06-03
186,System Crash,high,closed,2024-05-28
187,Software Installation,medium,open,2023-06-03
188,Access Denied Error,low,closed,2022-01-03
189,Email Not Working,medium,in progress,2024-08-12
190,Network Connectivity Issue,urgent,in progress,2022-03-23
191,System Crash,medium,closed,2023-06-27
192,Email Not Working,urgent,resolved,2023-12-08
193,Printer Not Responding,urgent,open,2022-06-22
194,System Crash,medium,closed,2023-08-20
195,Access Denied Error,low,open,2023-06-15
196,Network Connectivity Issue,high,open,2024-11-22
197,Email Not Working,urgent,closed,2023-07-10
198,System Crash,medium,in progress,2023-04-12
199,Access Denied Error,medium,resolved,2023-08-22
200,Slow Computer Performance,high,resolved,2022-05-13
201,Network Connectivity Issue,high,on hold,2022-10-02
202,System Crash,high,open,2022-03-31
203,Software Installation,medium,on hold,2022-07-24
204,Password Reset,urgent,resolved,2024-07-02
205,Email Not Working,low,resolved,2024-07-14
206,Email Not Working,low,on hold,2022-04-13
207,System Crash,low,in progress,2022-05-07
208,Password Reset,medium,closed,2024-05-05
209,Access Denied Error,medium,on hold,2024-11-20
210,Account Lockout,medium,on hold,2022-08-03
211,System Crash,high,open,2024-07-04
212,System Crash,medium,closed,2022-10-05
213,VPN Access Request,medium,on hold,2024-10-18
214,Software Installation,medium,on hold,2024-04-22
215,Software Installation,high,open,2022-06-07
216,Account Lockout,low,open,2024-05-28
217,Account Lockout,urgent,open,2023-05-13
218,Password Reset,urgent,closed,2022-03-29
219,Password Reset,medium,in progress,2024-11-03
220,VPN Access Request,urgent,open,2024-11-27
221,Access Denied Error,medium,closed,2023-09-19
222,Account Lockout,high,open,2023-05-28
223,Printer Not Responding,urgent,open,2022-05-29
224,Slow Computer Performance,high,resolved,2024-07-14
225,Email Not Working,low,in progress,2022-03-17
226,Password Reset,low,on hold,2024-09-19
227,Software Installation,medium,closed,2024-11-22
228,Network Connectivity Issue,urgent,in progress,2023-08-20
229,Email Not Working,medium,resolved,2023-12-17
230,Email Not Working,medium,closed,2022-12-16
231,Email Not Working,high,in progress,2024-09-23
232,Network Connectivity Issue,low,resolved,2022-12-13
233,Slow Computer Performance,urgent,open,2023-09-17
234,Software Installation,urgent,closed,2022-11-09
235,VPN Access Request,urgent,closed,2023-04-27
236,Password Reset,high,closed,2022-07-19
237,Slow Computer Performance,medium,in progress,2022-02-17
238,Network Connectivity Issue,high,in progress,2022-05-12
239,VPN Access Request,urgent,in progress,2022-11-06
240,Network Connectivity Issue,low,resolved,2023-11-22
241,Software Installation,high,open,2022-06-25
242,Network Connectivity Issue,low,on hold,2022-05-02
243,Password Reset,urgent,closed,2023-05-01
244,Password Reset,medium,in progress,2024-08-19
245,Printer Not Responding,urgent,closed,2024-06-11
246,Email Not Working,high,on hold,2022-12-24
247,Email Not Working,low,closed,2023-08-16
248,Access Denied Error,low,on hold,2023-09-09
249,Account Lockout,medium,resolved,2022-05-20
250,Account Lockout,urgent,open,2022-04-02
251,VPN Access Request,high,resolved,2022-02-17
252,Network Connectivity Issue,low,in progress,2023-11-15
253,Access Denied Error,low,on hold,2022-04-06
254,Slow Computer Performance,urgent,resolved,2022-03-20
255,Software Installation,urgent,open,2023-03-02
256,Email Not Working,low,in progress,2024-07-09
257,System Crash,urgent,open,2024-12-23
258,VPN Access Request,urgent,resolved,2023-09-22
259,System Crash,high,in progress,2023-07-15
260,Slow Computer Performance,high,resolved,2024-10-31
261,Password Reset,high,resolved,2023-07-07
262,Software Installation,urgent,on hold,2024-12-02
263,Printer Not Responding,urgent,closed,2024-11-16
264,Account Lockout,medium,open,2023-08-20
265,Software Installation,low,in progress,2022-04-29
266,Network Connectivity Issue,medium,on hold,2024-08-26
267,Account Lockout,high,closed,2022-03-31
268,Account Lockout,medium,on hold,2024-05-14
269,Password Reset,urgent,in progress,2024-09-07
270,Printer Not Responding,high,open,2023-02-03
271,Access Denied Error,medium,resolved,2024-03-01
272,Access Denied Error,high,resolved,2024-05-24
273,Account Lockout,high,on hold,2022-12-08
274,Password Reset,medium,in progress,2024-07-12
275,VPN Access Request,high,on hold,2024-08-04
276,VPN Access Request,urgent,in progress,2024-02-19
277,VPN Access Request,high,on hold,2023-06-09
278,Email Not Working,low,open,2024-08-05
279,Software Installation,medium,on hold,2023-12-03
280,Password Reset,urgent,resolved,2023-06-13
281,Email Not Working,urgent,closed,2022-06-23
282,Access Denied Error,low,on hold,2022-01-02
283,Access Denied Error,high,resolved,2024-03-30
284,Access Denied Error,low,closed,2023-05-17
285,Account Lockout,low,in progress,2023-12-08
286,Printer Not Responding,high,in progress,2022-06-22
287,Password Reset,medium,on hold,2023-08-15
288,Software Installation,urgent,in progress,2023-09-09
289,Network Connectivity Issue,low,open,2023-12-13
290,Software Installation,high,open,2022-03-26
291,Account Lockout,low,open,2024-04-16
292,Email Not Working,high,in progress,2023-09-10
293,Account Lockout,high,in progress,2024-10-05
294,Account Lockout,medium,on hold,2023-04-06
295,Printer Not Responding,medium,in progress,2024-08-28
296,Email Not Working,urgent,resolved,2022-08-21
297,VPN Access Request,medium,closed,2024-06-24
298,Printer Not Responding,high,resolved,2024-03-02
299,Slow Computer Performance,low,open,2023-04-06
300,Account Lockout,medium,in progress,2023-06-18
301,Password Reset,medium,resolved,2022-05-06
302,Access Denied Error,high,open,2023-11-04
303,Printer Not Responding,high,closed,2022-12-10
304,VPN Access Request,urgent,on hold,2022-11-15
305,Printer Not Responding,low,in progress,2022-10-17
306,Network Connectivity Issue,medium,closed,2022-04-14
307,Password Reset,high,in progress,2022-08-07
308,System Crash,medium,resolved,2023-10-16
309,Network Connectivity Issue,medium,resolved,2024-01-17
310,Network Connectivity Issue,medium,in progress,2022-07-17
311,Slow Computer Performance,urgent,open,2024-03-01
312,Password Reset,low,open,2024-05-05
313,Printer Not Responding,urgent,open,2023-12-17
314,Account Lockout,low,in progress,2022-11-13
315,VPN Access Request,high,open,2022-10-24
316,VPN Access Request,medium,in progress,2023-09-09
317,Slow Computer Performance,urgent,resolved,2023-02-09
318,Software Installation,medium,open,2024-02-05
319,Password Reset,urgent,resolved,2023-08-27
320,System Crash,high,on hold,2024-07-17
321,VPN Access Request,medium,on hold,2023-09-30
322,Software Installation,urgent,closed,2022-12-03
323,Account Lockout,low,closed,2022-10-06
324,Printer Not Responding,low,open,2022-04-06
325,Password Reset,low,on hold,2024-09-17
326,Printer Not Responding,low,in progress,2023-08-12
327,Software Installation,urgent,resolved,2022-11-29
328,Password Reset,medium,open,2024-02-17
329,Network Connectivity Issue,high,open,2023-10-01
330,VPN Access Request,high,on hold,2023-05-02
331,Slow Computer Performance,low,in progress,2024-08-21
332,VPN Access Request,high,resolved,2023-07-12
333,Software Installation,medium,in progress,2023-07-25
334,System Crash,urgent,in progress,2024-09-07
335,Password Reset,urgent,resolved,2023-12-23
336,Account Lockout,high,closed,2024-09-17
337,Slow Computer Performance,high,resolved,2024-05-03
338,System Crash,medium,in progress,2023-11-16
339,Printer Not Responding,medium,open,2022-05-26
340,Network Connectivity Issue,low,open,2022-12-13
341,Slow Computer Performance,high,open,2024-09-16
342,Password Reset,medium,resolved,2022-06-23
343,Printer Not Responding,medium,on hold,2023-03-20
344,Slow Computer Performance,medium,resolved,2024-04-30
345,Password Reset,urgent,on hold,2022-08-01
346,Printer Not Responding,medium,in progress,2024-01-14
347,System Crash,high,in progress,2023-01-10
348,System Crash,high,on hold,2022-08-13
349,Printer Not Responding,low,resolved,2024-09-08
350,Access Denied Error,urgent,open,2023-12-29
351,Password Reset,high,on hold,2024-05-12
352,Network Connectivity Issue,medium,closed,2024-11-10
353,Software Installation,low,in progress,2023-06-18
354,VPN Access Request,high,resolved,2022-05-05
355,Account Lockout,medium,on hold,2022-02-12
356,VPN Access Request,high,closed,2024-12-02
357,VPN Access Request,high,open,2024-10-19
358,Password Reset,high,resolved,2024-11-06
359,Network Connectivity Issue,high,in progress,2022-01-08
360,Slow Computer Performance,low,resolved,2024-12-23
361,Network Connectivity Issue,medium,resolved,2023-02-05
362,Network Connectivity Issue,medium,on hold,2023-09-09
363,Slow Computer Performance,low,open,2024-04-28
364,Access Denied Error,medium,closed,2022-10-17
365,Account Lockout,high,open,2024-01-24
366,Password Reset,medium,in progress,2024-10-31
367,Printer Not Responding,high,open,2022-06-26
368,VPN Access Request,medium,closed,2024-04-06
369,Access Denied Error,high,in progress,2022-10-07
370,Email Not Working,low,closed,2022-12-26
371,Printer Not Responding,low,resolved,2024-10-07
372,Account Lockout,low,resolved,2022-04-13
373,System Crash,urgent,open,2023-11-13
374,Access Denied Error,medium,resolved,2024-01-08
375,Software Installation,low,resolved,2024-08-24
376,Password Reset,medium,open,2023-11-10
377,Password Reset,medium,open,2023-04-17
378,Email Not Working,urgent,open,2024-06-23
379,Slow Computer Performance,high,open,2022-07-11
380,System Crash,urgent,on hold,2022-06-01
381,Password Reset,high,open,2022-09-10
382,Printer Not Responding,medium,on hold,2022-09-02
383,System Crash,medium,in progress,2024-06-08
384,Slow Computer Performance,medium,open,2023-04-18
385,Slow Computer Performance,low,closed,2023-06-04
386,Software Installation,high,closed,2022-12-26
387,Email Not Working,low,resolved,2023-12-26
388,Access Denied Error,medium,resolved,2022-03-28
389,System Crash,urgent,open,2023-09-23
390,Printer Not Responding,high,open,2024-12-14
391,Email Not Working,high,closed,2022-02-06
392,Printer Not Responding,high,in progress,2024-09-03
393,Network Connectivity Issue,high,open,2023-08-23
394,Email Not Working,low,resolved,2023-06-17
395,Network Connectivity Issue,high,in progress,2024-11-03
396,Slow Computer Performance,urgent,resolved,2024-06-28
397,Account Lockout,low,resolved,2023-10-29
398,Software Installation,high,closed,2024-11-19
399,Network Connectivity Issue,urgent,on hold,2023-05-30
400,Account Lockout,high,resolved,2024-11-01
401,Network Connectivity Issue,medium,closed,2024-12-11
402,Network Connectivity Issue,urgent,resolved,2023-07-11
403,Network Connectivity Issue,low,resolved,2023-05-26
404,Software Installation,medium,resolved,2024-10-04
405,Account Lockout,high,on hold,2023-12-17
406,Slow Computer Performance,urgent,on hold,2024-06-19
407,Software Installation,high,resolved,2022-02-12
408,VPN Access Request,medium,closed,2022-11-07
409,Email Not Working,medium,resolved,2022-09-12
410,System Crash,medium,closed,2024-09-25
411,Access Denied Error,urgent,on hold,2024-09-22
412,Printer Not Responding,low,open,2022-03-08
413,VPN Access Request,high,on hold,2024-05-01
414,Account Lockout,urgent,resolved,2023-11-13
415,Software Installation,high,resolved,2024-12-14
416,Password Reset,urgent,resolved,2023-05-31
417,Software Installation,urgent,resolved,2024-06-27
418,Printer Not Responding,urgent,open,2022-11-05
419,Printer Not Responding,high,open,2024-11-16
420,Software Installation,urgent,on hold,2024-06-22
421,Access Denied Error,low,closed,2022-06-06
422,Email Not Working,low,open,2022-06-10
423,VPN Access Request,low,in progress,2023-05-23
424,Account Lockout,medium,on hold,2023-08-20
425,Network Connectivity Issue,urgent,resolved,2022-12-21
426,Slow Computer Performance,medium,in progress,2023-07-22
427,Account Lockout,urgent,in progress,2024-10-04
428,Account Lockout,high,on hold,2024-09-08
429,Slow Computer Performance,medium,resolved,2022-10-02
430,Access Denied Error,medium,on hold,2024-07-21
431,Password Reset,medium,open,2024-12-26
432,Software Installation,medium,on hold,2022-03-14
433,Printer Not Responding,low,in progress,2022-12-19
434,Printer Not Responding,low,on hold,2023-09-02
435,Network Connectivity Issue,urgent,open,2022-07-25
436,Email Not Working,urgent,in progress,2023-10-07
437,Slow Computer Performance,high,on hold,2023-07-24
438,Slow Computer Performance,medium,closed,2023-02-18
439,VPN Access Request,high,on hold,2023-09-11
440,Software Installation,high,resolved,2024-11-09
441,Software Installation,high,on hold,2022-01-03
442,Printer Not Responding,urgent,closed,2022-01-10
443,Slow Computer Performance,medium,in progress,2023-01-12
444,Email Not Working,low,open,2023-06-17
445,Printer Not Responding,low,resolved,2022-05-14
446,Software Installation,high,resolved,2023-03-29
447,System Crash,urgent,closed,2022-12-07
448,Account Lockout,high,resolved,2023-03-25
449,Slow Computer Performance,low,resolved,2022-06-11
450,Account Lockout,medium,on hold,2023-05-05
451,Password Reset,high,open,2023-05-24
452,Access Denied Error,low,on hold,2023-01-02
453,Network Connectivity Issue,low,closed,2024-02-16
454,Printer Not Responding,medium,resolved,2023-08-27
455,Password Reset,medium,resolved,2022-03-27
456,Email Not Working,urgent,in progress,2022-06-23
457,System Crash,low,in progress,2022-01-04
458,Slow Computer Performance,urgent,in progress,2024-07-31
459,Email Not Working,urgent,closed,2023-05-04
460,Password Reset,high,open,2024-08-28
461,Email Not Working,high,on hold,2024-07-13
462,Email Not Working,high,in progress,2023-04-05
463,System Crash,medium,in progress,2022-05-13
464,Printer Not Responding,low,closed,2022-06-14
465,Printer Not Responding,low,closed,2024-08-02
466,System Crash,low,on hold,2023-02-22
467,Access Denied Error,medium,closed,2022-05-19
468,System Crash,urgent,open,2023-03-15
469,Email Not Working,urgent,on hold,2024-03-27
470,Account Lockout,high,closed,2022-07-09
471,Account Lockout,urgent,resolved,2022-04-11
472,Password Reset,low,on hold,2023-04-26
473,Software Installation,urgent,in progress,2023-04-20
474,System Crash,low,open,2024-10-28
475,System Crash,high,closed,2024-04-19
476,VPN Access Request,high,closed,2022-02-19
477,Email Not Working,urgent,in progress,2024-04-30
478,Printer Not Responding,low,on hold,2022-06-21
479,Access Denied Error,urgent,closed,2022-01-20
480,Software Installation,urgent,in progress,2024-08-31
481,Printer Not Responding,urgent,closed,2024-04-09
482,Access Denied Error,high,resolved,2023-12-25
483,Printer Not Responding,medium,resolved,2024-09-23
484,VPN Access Request,high,on hold,2024-08-22
485,Account Lockout,urgent,open,2024-01-31
486,Email Not Working,low,open,2024-04-27
487,Access Denied Error,low,on hold,2023-08-14
488,VPN Access Request,low,in progress,2024-01-08
489,Email Not Working,urgent,closed,2022-12-21
490,Printer Not Responding,high,open,2024-08-19
491,Software Installation,high,in progress,2023-02-21
492,Network Connectivity Issue,medium,in progress,2024-11-30
493,Software Installation,low,closed,2023-10-20
494,Password Reset,low,in progress,2022-05-03
495,Email Not Working,urgent,open,2023-07-09
496,Slow Computer Performance,urgent,in progress,2022-02-11
497,Account Lockout,medium,on hold,2024-03-25
498,Network Connectivity Issue,high,on hold,2022-02-15
499,System Crash,urgent,open,2024-03-03
500,Slow Computer Performance,low,on hold,2024-01-08
501,Access Denied Error,low,closed,2022-01-26
502,Password Reset,medium,in progress,2022-03-11
503,Account Lockout,low,open,2023-05-31
504,Email Not Working,low,on hold,2023-02-22
505,Slow Computer Performance,urgent,closed,2023-12-04
506,Account Lockout,high,closed,2022-05-08
507,VPN Access Request,low,open,2024-05-17
508,Network Connectivity Issue,medium,on hold,2024-02-11
509,Password Reset,urgent,in progress,2022-10-20
510,VPN Access Request,urgent,on hold,2024-09-17
511,Network Connectivity Issue,low,resolved,2023-12-16
512,Network Connectivity Issue,medium,in progress,2022-08-05
513,System Crash,high,closed,2024-03-05
514,Slow Computer Performance,urgent,in progress,2022-02-01
515,Network Connectivity Issue,urgent,in progress,2024-04-29
516,System Crash,high,closed,2022-12-25
517,Account Lockout,medium,in progress,2024-12-24
518,Network Connectivity Issue,high,in progress,2022-10-29
519,Slow Computer Performance,low,resolved,2023-09-18
520,Printer Not Responding,low,on hold,2023-06-15
521,Access Denied Error,high,in progress,2024-01-05
522,Email Not Working,low,resolved,2023-04-06
523,System Crash,urgent,open,2023-11-11
524,System Crash,high,on hold,2023-01-25
525,Network Connectivity Issue,low,open,2024-08-23
526,VPN Access Request,high,open,2023-12-27
527,VPN Access Request,high,on hold,2023-08-14
528,Email Not Working,urgent,resolved,2024-10-02
529,System Crash,medium,open,2022-01-30
530,Account Lockout,urgent,open,2022-08-04
531,Network Connectivity Issue,medium,closed,2024-01-08
532,Password Reset,urgent,on hold,2022-10-03
533,Account Lockout,high,open,2024-08-14
534,Slow Computer Performance,high,resolved,2023-12-03
535,Network Connectivity Issue,urgent,on hold,2023-08-29
536,System Crash,low,resolved,2024-01-08
537,Email Not Working,medium,open,2022-07-22
538,System Crash,urgent,open,2024-05-20
539,Slow Computer Performance,high,closed,2022-09-28
540,Network Connectivity Issue,low,on hold,2023-07-03
541,System Crash,medium,resolved,2024-07-30
542,Software Installation,high,in progress,2023-01-07
543,System Crash,high,open,2022-11-07
544,Access Denied Error,low,closed,2024-03-24
545,Password Reset,low,resolved,2022-08-05
546,Network Connectivity Issue,low,open,2022-01-28
547,Printer Not Responding,high,closed,2024-12-04
548,Printer Not Responding,low,closed,2023-09-29
549,System Crash,urgent,resolved,2024-06-15
550,Password Reset,urgent,open,2024-10-17
551,Email Not Working,high,on hold,2023-02-12
552,Email Not Working,high,in progress,2023-06-20
553,Printer Not Responding,low,resolved,2022-09-23
554,Software Installation,urgent,in progress,2022-03-23
555,Network Connectivity Issue,high,closed,2023-04-22
556,Access Denied Error,medium,open,2024-01-19
557,System Crash,low,in progress,2022-12-09
558,VPN Access Request,high,closed,2022-03-06
559,Account Lockout,medium,closed,2023-10-27
560,System Crash,urgent,closed,2022-03-13
561,Slow Computer Performance,low,in progress,2023-05-26
562,Slow Computer Performance,low,open,2023-10-12
563,Access Denied Error,medium,in progress,2023-03-08
564,System Crash,urgent,in progress,2024-04-17
565,Access Denied Error,medium,open,2023-02-18
566,Account Lockout,low,open,2023-12-17
567,System Crash,medium,closed,2024-10-27
568,Network Connectivity Issue,low,in progress,2022-08-27
569,Software Installation,medium,open,2024-02-20
570,System Crash,medium,open,2022-08-13
571,Password Reset,low,on hold,2023-07-19
572,Access Denied Error,low,on hold,2023-10-25
573,Email Not Working,urgent,on hold,2023-12-30
574,Network Connectivity Issue,high,resolved,2023-11-30
575,Access Denied Error,medium,closed,2022-02-28
576,Email Not Working,high,open,2024-01-24
577,System Crash,low,in progress,2022-01-13
578,Email Not Working,urgent,resolved,2022-04-27
579,Printer Not Responding,high,in progress,2024-08-22
580,Printer Not Responding,medium,on hold,2022-03-07
581,Printer Not Responding,high,resolved,2022-08-13
582,Printer Not Responding,medium,resolved,2023-04-05
583,Access Denied Error,medium,in progress,2022-11-30
584,Password Reset,low,open,2024-12-23
585,VPN Access Request,high,resolved,2023-09-04
586,Slow Computer Performance,medium,in progress,2024-08-06
587,VPN Access Request,high,closed,2024-11-13
588,Slow Computer Performance,low,resolved,2023-05-13
589,Printer Not Responding,high,on hold,2024-10-26
590,Account Lockout,high,in progress,2024-03-04
591,Account Lockout,medium,on hold,2024-01-19
592,Slow Computer Performance,high,resolved,2022-08-28
593,Network Connectivity Issue,high,open,2024-10-12
594,Password Reset,urgent,open,2023-12-08
595,Network Connectivity Issue,high,open,2022-05-02
596,Printer Not Responding,low,closed,2023-11-28
597,Software Installation,low,in progress,2024-08-22
598,Network Connectivity Issue,medium,on hold,2024-11-14
599,Account Lockout,high,closed,2024-09-23
600,Software Installation,urgent,on hold,2023-04-02
601,Slow Computer Performance,medium,open,2022-01-23
602,Email Not Working,high,in progress,2022-07-05
603,System Crash,medium,resolved,2024-07-26
604,Access Denied Error,medium,on hold,2024-04-19
605,Password Reset,high,closed,2023-04-13
606,Slow Computer Performance,high,resolved,2023-07-05
607,Slow Computer Performance,medium,closed,2022-07-04
608,Access Denied Error,medium,in progress,2022-02-09
609,Slow Computer Performance,high,resolved,2024-04-28
610,Email Not Working,high,resolved,2024-11-11
611,Email Not Working,medium,resolved,2022-11-12
612,Network Connectivity Issue,medium,resolved,2023-07-19
613,Account Lockout,urgent,closed,2024-12-26
614,Password Reset,medium,in progress,2024-08-06
615,Email Not Working,medium,resolved,2023-05-24
616,Printer Not Responding,medium,in progress,2024-09-15
617,Printer Not Responding,urgent,in progress,2024-04-27
618,Software Installation,urgent,on hold,2024-03-31
619,Software Installation,urgent,in progress,2022-01-16
620,Software Installation,medium,open,2022-06-16
621,Account Lockout,low,closed,2024-05-09
622,System Crash,low,in progress,2024-12-28
623,VPN Access Request,medium,open,2024-02-03
624,Email Not Working,low,in progress,2024-11-09
625,Software Installation,medium,in progress,2023-06-09
626,Network Connectivity Issue,low,closed,2023-12-22
627,Password Reset,high,on hold,2023-01-27
628,Network Connectivity Issue,medium,closed,2023-11-22
629,Email Not Working,urgent,closed,2024-02-24
630,Account Lockout,high,resolved,2022-11-05
631,Account Lockout,medium,on hold,2023-04-30
632,Software Installation,high,open,2024-05-17
633,Email Not Working,high,in progress,2022-10-11
634,Email Not Working,urgent,on hold,2024-06-18
635,Account Lockout,urgent,on hold,2024-07-25
636,Account Lockout,low,resolved,2022-09-12
637,Slow Computer Performance,urgent,open,2024-02-26
638,Password Reset,low,resolved,2022-09-16
639,VPN Access Request,medium,on hold,2023-03-24
640,Password Reset,high,resolved,2024-03-08
641,VPN Access Request,medium,on hold,2022-02-10
642,VPN Access Request,medium,resolved,2024-11-09
643,Software Installation,urgent,on hold,2024-03-30
644,Network Connectivity Issue,urgent,on hold,2024-11-10
645,Access Denied Error,medium,closed,2022-08-10
646,Slow Computer Performance,low,closed,2022-05-02
647,System Crash,high,resolved,2022-07-21
648,Slow Computer Performance,low,on hold,2022-10-21
649,Account Lockout,urgent,resolved,2024-01-04
650,Network Connectivity Issue,urgent,closed,2024-12-19
651,Account Lockout,low,on hold,2024-05-22
652,Software Installation,medium,resolved,2022-07-29
653,System Crash,urgent,closed,2024-02-16
654,Software Installation,medium,on hold,2023-03-11
655,Account Lockout,low,on hold,2024-08-23
656,System Crash,high,resolved,2022-06-07
657,Password Reset,medium,closed,2022-04-18
658,Password Reset,urgent,open,2022-11-07
659,Password Reset,medium,in progress,2023-05-08
660,Password Reset,high,closed,2022-03-19
661,Printer Not Responding,urgent,in progress,2024-08-13
662,Slow Computer Performance,medium,on hold,2023-05-04
663,System Crash,medium,resolved,2024-03-04
664,Password Reset,high,on hold,2023-10-24
665,Software Installation,urgent,on hold,2023-02-10
666,Slow Computer Performance,low,in progress,2022-10-02
667,Access Denied Error,urgent,closed,2023-05-28
668,Network Connectivity Issue,urgent,closed,2024-02-22
669,Network Connectivity Issue,low,on hold,2024-04-11
670,Slow Computer Performance,urgent,resolved,2024-05-03
671,Account Lockout,urgent,closed,2023-01-12
672,Slow Computer Performance,high,on hold,2022-09-27
673,VPN Access Request,low,on hold,2022-04-20
674,Access Denied Error,high,in progress,2023-06-06
675,Email Not Working,medium,closed,2022-03-16
676,Email Not Working,medium,resolved,2024-07-05
677,Software Installation,urgent,closed,2022-02-22
678,System Crash,low,closed,2024-09-17
679,Slow Computer Performance,low,resolved,2022-08-27
680,System Crash,urgent,open,2022-07-31
681,Printer Not Responding,medium,on hold,2023-09-26
682,Email Not Working,medium,closed,2024-07-03
683,Printer Not Responding,medium,in progress,2024-03-08
684,Account Lockout,high,on hold,2024-03-12
685,Software Installation,urgent,resolved,2023-12-02
686,Software Installation,urgent,in progress,2022-04-04
687,Slow Computer Performance,urgent,resolved,2022-01-18
688,System Crash,low,closed,2023-06-22
689,VPN Access Request,medium,on hold,2024-10-31
690,Slow Computer Performance,low,in progress,2024-08-14
691,Account Lockout,urgent,in progress,2022-02-27
692,Printer Not Responding,urgent,closed,2023-12-10
693,Printer Not Responding,low,resolved,2023-04-19
694,Password Reset,low,resolved,2022-12-07
695,Access Denied Error,medium,closed,2022-05-08
696,Email Not Working,high,in progress,2024-03-16
697,Printer Not Responding,low,closed,2024-12-27
698,Network Connectivity Issue,urgent,in progress,2023-03-31
699,Software Installation,medium,in progress,2023-05-25
700,Access Denied Error,urgent,resolved,2024-12-06
701,Slow Computer Performance,urgent,resolved,2022-05-06
702,VPN Access Request,urgent,on hold,2022-04-15
703,System Crash,low,resolved,2022-11-19
704,Software Installation,medium,in progress,2023-11-20
705,Email Not Working,urgent,in progress,2023-04-29
706,Access Denied Error,high,resolved,2024-07-11
707,Account Lockout,low,closed,2024-06-25
708,Account Lockout,medium,closed,2022-05-06
709,Slow Computer Performance,high,open,2024-09-08
710,Printer Not Responding,medium,in progress,2023-07-21
711,Access Denied Error,medium,closed,2023-03-27
712,Access Denied Error,low,in progress,2022-11-03
713,Software Installation,medium,resolved,2024-07-30
714,Software Installation,medium,in progress,2023-07-14
715,Password Reset,low,closed,2024-11-12
716,Network Connectivity Issue,medium,open,2022-10-20
717,Password Reset,urgent,closed,2023-04-07
718,VPN Access Request,high,closed,2023-05-25
719,Account Lockout,low,closed,2022-02-26
720,Account Lockout,medium,open,2023-07-16
721,Network Connectivity Issue,urgent,closed,2023-08-21
722,Account Lockout,low,on hold,2022-10-31
723,Network Connectivity Issue,high,on hold,2023-07-09
724,Password Reset,urgent,open,2022-11-12
725,Password Reset,low,on hold,2023-05-18
726,Slow Computer Performance,high,in progress,2022-03-16
727,Account Lockout,high,closed,2024-08-09
728,Software Installation,high,on hold,2024-05-31
729,Network Connectivity Issue,medium,on hold,2022-03-18
730,Account Lockout,high,open,2024-04-15
731,Software Installation,medium,open,2022-04-10
732,VPN Access Request,low,closed,2022-05-02
733,Slow Computer Performance,low,open,2024-04-21
734,Password Reset,medium,closed,2023-11-01
735,Slow Computer Performance,low,resolved,2024-06-13
736,Network Connectivity Issue,medium,in progress,2024-05-15
737,Printer Not Responding,high,closed,2024-05-27
738,Password Reset,urgent,resolved,2022-02-05
739,VPN Access Request,low,closed,2024-08-06
740,Email Not Working,low,closed,2022-07-09
741,System Crash,medium,open,2023-08-27
742,Software Installation,urgent,open,2022-06-13
743,Slow Computer Performance,low,on hold,2023-06-12
744,Access Denied Error,medium,in progress,2022-11-16
745,Network Connectivity Issue,medium,in progress,2023-10-31
746,Network Connectivity Issue,medium,in progress,2024-07-17
747,Access Denied Error,high,in progress,2022-06-16
748,Password Reset,high,open,2023-11-02
749,System Crash,high,resolved,2022-01-23
750,VPN Access Request,medium,on hold,2024-04-15
751,System Crash,high,closed,2022-03-25
752,System Crash,high,open,2024-03-11
753,VPN Access Request,high,on hold,2022-12-25
754,Printer Not Responding,low,in progress,2022-11-22
755,Software Installation,high,open,2024-03-20
756,Network Connectivity Issue,urgent,in progress,2023-12-07
757,Printer Not Responding,urgent,resolved,2024-05-28
758,Password Reset,urgent,on hold,2023-10-08
759,Password Reset,high,in progress,2022-03-11
760,Account Lockout,medium,on hold,2022-01-12
761,Network Connectivity Issue,urgent,resolved,2024-02-07
762,VPN Access Request,low,on hold,2024-07-13
763,System Crash,low,in progress,2024-08-01
764,Printer Not Responding,medium,open,2022-05-09
765,Network Connectivity Issue,medium,on hold,2022-02-24
766,Printer Not Responding,high,resolved,2024-11-14
767,Account Lockout,high,open,2022-10-02
768,Slow Computer Performance,low,on hold,2023-10-04
769,Account Lockout,low,on hold,2024-04-03
770,Password Reset,urgent,closed,2023-07-03
771,Network Connectivity Issue,high,resolved,2024-02-28
772,Account Lockout,medium,resolved,2023-02-19
773,Access Denied Error,high,on hold,2022-12-07
774,Account Lockout,high,on hold,2023-08-23
775,Email Not Working,low,on hold,2024-05-03
776,Password Reset,urgent,closed,2022-07-22
777,Password Reset,medium,resolved,2024-09-28
778,Software Installation,high,open,2024-08-23
779,Password Reset,low,closed,2022-04-16
780,Printer Not Responding,high,in progress,2023-02-14
781,System Crash,urgent,open,2023-08-21
782,Network Connectivity Issue,high,on hold,2024-09-16
783,Slow Computer Performance,medium,closed,2022-11-24
784,VPN Access Request,high,in progress,2023-05-02
785,Password Reset,high,in progress,2023-05-17
786,Network Connectivity Issue,medium,resolved,2023-01-09
787,Account Lockout,high,open,2023-04-07
788,VPN Access Request,urgent,closed,2024-03-03
789,System Crash,high,open,2023-05-04
790,VPN Access Request,low,closed,2023-08-01
791,Printer Not Responding,urgent,resolved,2022-02-22
792,Email Not Working,high,open,2022-02-04
793,VPN Access Request,high,closed,2022-08-23
794,System Crash,medium,open,2024-04-20
795,Software Installation,high,open,2022-10-03
796,Access Denied Error,low,closed,2023-06-02
797,Password Reset,high,on hold,2023-11-17
798,Slow Computer Performance,medium,closed,2024-06-11
799,Network Connectivity Issue,high,resolved,2023-10-04
800,VPN Access Request,low,on hold,2024-04-04
801,Network Connectivity Issue,low,in progress,2023-06-14
802,VPN Access Request,high,in progress,2024-05-18
803,Access Denied Error,urgent,on hold,2023-08-03
804,Network Connectivity Issue,low,in progress,2023-09-04
805,Account Lockout,low,on hold,2023-03-06
806,Email Not Working,low,resolved,2023-07-16
807,Password Reset,low,closed,2022-06-25
808,Password Reset,urgent,in progress,2024-04-01
809,Access Denied Error,urgent,resolved,2023-01-02
810,Email Not Working,medium,resolved,2022-09-29
811,Password Reset,high,resolved,2023-07-21
812,Network Connectivity Issue,high,closed,2024-09-10
813,Password Reset,medium,closed,2024-08-15
814,VPN Access Request,medium,closed,2022-10-01
815,System Crash,low,on hold,2022-07-26
816,VPN Access Request,high,open,2025-01-04
817,Password Reset,urgent,open,2023-08-25
818,Account Lockout,urgent,on hold,2024-10-02
819,Software Installation,high,in progress,2023-07-04
820,Email Not Working,low,open,2023-04-07
821,Slow Computer Performance,high,resolved,2022-05-03
822,VPN Access Request,medium,closed,2022-01-07
823,Slow Computer Performance,medium,in progress,2022-07-20
824,System Crash,medium,in progress,2023-09-14
825,Email Not Working,low,in progress,2023-05-17
826,Software Installation,urgent,open,2024-09-05
827,Slow Computer Performance,medium,resolved,2022-03-21
828,Network Connectivity Issue,medium,open,2023-10-22
829,Password Reset,high,in progress,2023-10-04
830,Password Reset,low,open,2022-02-21
831,Network Connectivity Issue,high,open,2023-06-12
832,Software Installation,high,on hold,2023-10-17
833,Email Not Working,low,closed,2023-02-18
834,Slow Computer Performance,high,on hold,2023-05-11
835,Email Not Working,medium,open,2023-07-26
836,VPN Access Request,low,in progress,2022-02-13
837,Network Connectivity Issue,high,on hold,2024-10-07
838,System Crash,high,on hold,2023-01-16
839,System Crash,high,resolved,2023-10-25
840,VPN Access Request,medium,closed,2023-07-24
841,VPN Access Request,urgent,resolved,2022-07-05
842,Password Reset,high,open,2023-10-27
843,Account Lockout,urgent,on hold,2023-05-07
844,Printer Not Responding,high,on hold,2022-07-06
845,VPN Access Request,urgent,resolved,2022-05-18
846,Network Connectivity Issue,medium,resolved,2022-11-25
847,Printer Not Responding,medium,on hold,2024-07-04
848,Network Connectivity Issue,low,open,2022-06-05
849,Software Installation,high,resolved,2024-12-01
850,Slow Computer Performance,urgent,open,2023-05-16
851,Access Denied Error,urgent,in progress,2022-07-23
852,VPN Access Request,high,on hold,2024-01-17
853,Network Connectivity Issue,high,closed,2023-11-21
854,Access Denied Error,low,on hold,2022-09-12
855,Slow Computer Performance,low,resolved,2023-08-24
856,Email Not Working,urgent,resolved,2024-09-15
857,Software Installation,low,in progress,2022-11-26
858,Account Lockout,urgent,in progress,2023-11-17
859,Email Not Working,low,closed,2022-12-16
860,Slow Computer Performance,high,closed,2024-05-01
861,Network Connectivity Issue,high,open,2022-07-15
862,Account Lockout,low,in progress,2023-10-22
863,Slow Computer Performance,low,on hold,2024-12-04
864,Access Denied Error,high,on hold,2023-06-11
865,Printer Not Responding,urgent,closed,2023-03-03
866,Slow Computer Performance,high,resolved,2023-05-14
867,Password Reset,low,in progress,2024-08-11
868,Printer Not Responding,medium,open,2024-09-05
869,Printer Not Responding,high,closed,2024-06-09
870,Printer Not Responding,high,open,2024-12-02
871,System Crash,high,in progress,2022-01-15
872,Software Installation,medium,resolved,2023-06-30
873,Access Denied Error,low,closed,2024-12-12
874,VPN Access Request,high,on hold,2023-05-29
875,Email Not Working,low,resolved,2022-06-18
876,Slow Computer Performance,high,in progress,2024-02-07
877,Account Lockout,urgent,on hold,2022-11-10
878,Network Connectivity Issue,low,in progress,2024-08-08
879,Account Lockout,medium,in progress,2022-08-16
880,Access Denied Error,medium,open,2024-05-27
881,System Crash,high,open,2024-08-16
882,Email Not Working,medium,open,2022-12-08
883,Slow Computer Performance,medium,closed,2023-08-23
884,Email Not Working,urgent,in progress,2022-06-11
885,Access Denied Error,low,closed,2023-04-23
886,Email Not Working,medium,closed,2024-04-02
887,Password Reset,urgent,on hold,2024-02-13
888,Software Installation,low,open,2024-09-10
889,Slow Computer Performance,urgent,open,2023-06-27
890,Printer Not Responding,medium,open,2023-09-06
891,System Crash,high,closed,2023-05-06
892,VPN Access Request,high,closed,2023-12-17
893,Printer Not Responding,low,in progress,2023-06-03
894,Software Installation,urgent,open,2023-03-12
895,Printer Not Responding,high,resolved,2024-08-31
896,Slow Computer Performance,urgent,in progress,2024-10-07
897,Access Denied Error,urgent,in progress,2024-01-28
898,System Crash,medium,on hold,2024-03-19
899,System Crash,low,open,2023-03-26
900,Printer Not Responding,medium,in progress,2022-06-04
901,Password Reset,low,closed,2022-06-16
902,Account Lockout,high,in progress,2024-07-28
903,Access Denied Error,low,in progress,2022-12-04
904,Password Reset,medium,in progress,2022-11-02
905,Printer Not Responding,low,open,2022-02-15
906,Software Installation,low,in progress,2023-03-21
907,Access Denied Error,medium,resolved,2022-11-07
908,VPN Access Request,low,in progress,2024-09-08
909,Access Denied Error,medium,in progress,2023-11-19
910,Slow Computer Performance,medium,resolved,2023-05-05
911,System Crash,medium,closed,2023-01-02
912,VPN Access Request,high,in progress,2022-12-17
913,Email Not Working,urgent,resolved,2023-10-23
914,Access Denied Error,high,open,2022-11-24
915,Password Reset,low,open,2022-01-17
916,Network Connectivity Issue,medium,in progress,2023-02-09
917,Email Not Working,urgent,in progress,2022-01-11
918,Email Not Working,urgent,on hold,2023-01-15
919,Printer Not Responding,low,open,2022-10-18
920,Account Lockout,low,on hold,2022-10-25
921,Email Not Working,low,in progress,2022-07-12
922,Account Lockout,urgent,open,2023-03-28
923,Password Reset,high,on hold,2023-08-15
924,Access Denied Error,urgent,open,2024-10-24
925,Printer Not Responding,high,closed,2023-10-18
926,Network Connectivity Issue,high,on hold,2022-10-09
927,VPN Access Request,urgent,closed,2024-10-23
928,Account Lockout,urgent,in progress,2023-11-16
929,System Crash,urgent,in progress,2023-09-14
930,Slow Computer Performance,medium,in progress,2023-02-04
931,Software Installation,high,in progress,2023-01-09
932,Software Installation,high,in progress,2024-04-26
933,Printer Not Responding,urgent,open,2022-08-04
934,Account Lockout,high,in progress,2022-10-13
935,System Crash,urgent,open,2023-11-30
936,Printer Not Responding,low,open,2023-03-25
937,Account Lockout,medium,closed,2023-09-01
938,Printer Not Responding,low,on hold,2022-12-19
939,Account Lockout,medium,open,2022-01-10
940,Software Installation,urgent,resolved,2024-01-14
941,System Crash,high,resolved,2023-04-13
942,Access Denied Error,high,open,2023-01-07
943,VPN Access Request,medium,open,2022-01-09
944,Email Not Working,urgent,in progress,2022-05-13
945,System Crash,medium,closed,2024-12-10
946,VPN Access Request,high,in progress,2022-09-21
947,Account Lockout,low,on hold,2024-12-27
948,Printer Not Responding,urgent,on hold,2023-09-05
949,VPN Access Request,urgent,resolved,2024-02-22
950,Email Not Working,low,closed,2024-04-17
951,Network Connectivity Issue,medium,in progress,2024-10-25
952,Password Reset,urgent,closed,2024-05-14
953,Account Lockout,urgent,open,2024-10-02
954,Printer Not Responding,urgent,in progress,2024-03-06
955,System Crash,high,open,2022-03-30
956,System Crash,low,open,2022-07-21
957,Email Not Working,medium,closed,2024-03-22
958,Account Lockout,urgent,in progress,2022-10-19
959,System Crash,medium,open,2022-09-25
960,Access Denied Error,medium,on hold,2024-08-24
961,Slow Computer Performance,high,open,2022-09-30
962,System Crash,urgent,in progress,2023-06-05
963,VPN Access Request,low,open,2023-08-28
964,Access Denied Error,low,on hold,2024-10-22
965,Password Reset,urgent,open,2024-12-23
966,Password Reset,medium,closed,2022-03-06
967,VPN Access Request,medium,on hold,2024-11-20
968,Access Denied Error,urgent,open,2022-04-22
969,Password Reset,medium,in progress,2022-01-20
970,Email Not Working,urgent,on hold,2024-02-15
971,Slow Computer Performance,urgent,in progress,2024-02-27
972,Software Installation,medium,resolved,2022-05-14
973,Password Reset,medium,in progress,2023-08-25
974,Account Lockout,high,in progress,2023-08-02
975,Printer Not Responding,high,closed,2024-06-15
976,Slow Computer Performance,low,open,2023-07-02
977,System Crash,urgent,closed,2025-01-01
978,Software Installation,medium,resolved,2023-05-11
979,System Crash,medium,closed,2024-01-24
980,Account Lockout,urgent,on hold,2024-05-02
981,VPN Access Request,medium,resolved,2023-12-06
982,Printer Not Responding,medium,on hold,2022-10-04
983,VPN Access Request,low,resolved,2022-05-16
984,System Crash,medium,open,2024-06-07
985,Account Lockout,high,resolved,2023-07-09
986,Slow Computer Performance,high,resolved,2023-06-30
987,Email Not Working,urgent,on hold,2023-01-30
988,Account Lockout,urgent,resolved,2023-06-08
989,Software Installation,urgent,closed,2024-10-15
990,Password Reset,urgent,closed,2022-04-27
991,VPN Access Request,urgent,open,2023-04-23
992,Password Reset,urgent,on hold,2024-12-10
993,Slow Computer Performance,low,closed,2024-06-17
994,Account Lockout,medium,resolved,2024-12-12
995,Password Reset,low,on hold,2024-07-23
996,VPN Access Request,medium,closed,2024-04-08
997,Network Connectivity Issue,high,resolved,2022-10-10
998,Account Lockout,low,in progress,2023-05-15
999,Access Denied Error,low,resolved,2024-01-11
1000,Network Connectivity Issue,medium,on hold,2022-07-26
